title,slug,excerpt,keywords
Top Collection Services for Sme in Mg-Road,collection-sme-mg-road-0,Secure collection solutions for sme clients based in mg-road. Ensure complete data privacy and compliance.,"collection mg-road, sme ewaste, mg-road recycling"
Top Collection Services for Sme in Aluva,collection-sme-aluva-1,Secure collection solutions for sme clients based in aluva. Ensure complete data privacy and compliance.,"collection aluva, sme ewaste, aluva recycling"
Top Collection Services for Sme in Thrissur,collection-sme-thrissur-2,Secure collection solutions for sme clients based in thrissur. Ensure complete data privacy and compliance.,"collection thrissur, sme ewaste, thrissur recycling"
Top Collection Services for Sme in Kakkanad,collection-sme-kakkanad-3,Secure collection solutions for sme clients based in kakkanad. Ensure complete data privacy and compliance.,"collection kakkanad, sme ewaste, kakkanad recycling"
Top Collection Services for Sme in Kochi,collection-sme-kochi-4,Secure collection solutions for sme clients based in kochi. Ensure complete data privacy and compliance.,"collection kochi, sme ewaste, kochi recycling"
Top Collection Services for Sme in Infopark,collection-sme-infopark-5,Secure collection solutions for sme clients based in infopark. Ensure complete data privacy and compliance.,"collection infopark, sme ewaste, infopark recycling"
Top Collection Services for Sme in Trivandrum,collection-sme-trivandrum-6,Secure collection solutions for sme clients based in trivandrum. Ensure complete data privacy and compliance.,"collection trivandrum, sme ewaste, trivandrum recycling"
Top Collection Services for Sme in Infopark,collection-sme-infopark-7,Secure collection solutions for sme clients based in infopark. Ensure complete data privacy and compliance.,"collection infopark, sme ewaste, infopark recycling"
Top Collection Services for Sme in Infopark,collection-sme-infopark-8,Secure collection solutions for sme clients based in infopark. Ensure complete data privacy and compliance.,"collection infopark, sme ewaste, infopark recycling"
Top Collection Services for Sme in Kochi,collection-sme-kochi-9,Secure collection solutions for sme clients based in kochi. Ensure complete data privacy and compliance.,"collection kochi, sme ewaste, kochi recycling"
Top Collection Services for Sme in Kakkanad,collection-sme-kakkanad-10,Secure collection solutions for sme clients based in kakkanad. Ensure complete data privacy and compliance.,"collection kakkanad, sme ewaste, kakkanad recycling"
Top Collection Services for Sme in Calicut,collection-sme-calicut-11,Secure collection solutions for sme clients based in calicut. Ensure complete data privacy and compliance.,"collection calicut, sme ewaste, calicut recycling"
Top Collection Services for Sme in Thrissur,collection-sme-thrissur-12,Secure collection solutions for sme clients based in thrissur. Ensure complete data privacy and compliance.,"collection thrissur, sme ewaste, thrissur recycling"
Top Collection Services for Sme in Calicut,collection-sme-calicut-13,Secure collection solutions for sme clients based in calicut. Ensure complete data privacy and compliance.,"collection calicut, sme ewaste, calicut recycling"
Top Collection Services for Sme in Thrissur,collection-sme-thrissur-14,Secure collection solutions for sme clients based in thrissur. Ensure complete data privacy and compliance.,"collection thrissur, sme ewaste, thrissur recycling"
