batch,cluster,clusterSlug,priority,topicTitle,targetPath,slug,source,currentWordCount,currentFaqCount,recommendedAction
Batch 1 - AdSense quality expansion,E-Waste Recycling Basics,e-waste-recycling-basics,Very high,What Makes Electronics Unsafe to Dump?,/blog/what-makes-electronics-unsafe-to-dump/,what-makes-electronics-unsafe-to-dump,quarantine-review,393,3,"Expand to 1200+ original words, fact-check, then promote only after validation."
Batch 1 - AdSense quality expansion,E-Waste Recycling Basics,e-waste-recycling-basics,Very high,E-Waste Recycling Checklist for Kochi Homes,/blog/ewaste-recycling-checklist-kochi-homes/,ewaste-recycling-checklist-kochi-homes,quarantine-review,391,3,"Expand to 1200+ original words, fact-check, then promote only after validation."
Batch 1 - AdSense quality expansion,E-Waste Recycling Basics,e-waste-recycling-basics,Very high,Why E-Waste Needs Separate Handling,/blog/why-ewaste-needs-separate-handling/,why-ewaste-needs-separate-handling,quarantine-review,378,3,"Expand to 1200+ original words, fact-check, then promote only after validation."
Batch 1 - AdSense quality expansion,E-Waste Pickup Near Me,e-waste-pickup-near-me,Very high,Pickup Planning for Bulk Electronics,/blog/bulk-electronics-pickup-planning/,bulk-electronics-pickup-planning,quarantine-review,363,3,"Expand to 1200+ original words, fact-check, then promote only after validation."
Batch 1 - AdSense quality expansion,E-Waste Recycling Basics,e-waste-recycling-basics,Very high,How to Avoid Informal E-Waste Disposal,/blog/how-to-avoid-informal-ewaste-disposal/,how-to-avoid-informal-ewaste-disposal,quarantine-review,360,3,"Expand to 1200+ original words, fact-check, then promote only after validation."
Batch 1 - AdSense quality expansion,E-Waste Recycling Basics,e-waste-recycling-basics,Very high,What to Ask Before Giving Electronics to a Collector,/blog/what-to-ask-before-giving-electronics-to-collector/,what-to-ask-before-giving-electronics-to-collector,quarantine-review,356,3,"Expand to 1200+ original words, fact-check, then promote only after validation."
Batch 1 - AdSense quality expansion,E-Waste Pickup Near Me,e-waste-pickup-near-me,Very high,What Items Should You Separate Before Pickup?,/blog/items-to-separate-before-ewaste-pickup/,items-to-separate-before-ewaste-pickup,quarantine-review,349,3,"Expand to 1200+ original words, fact-check, then promote only after validation."
Batch 1 - AdSense quality expansion,E-Waste Recycling Basics,e-waste-recycling-basics,Very high,Responsible Electronics Recycling for Beginners,/blog/responsible-electronics-recycling-beginners/,responsible-electronics-recycling-beginners,quarantine-review,342,3,"Expand to 1200+ original words, fact-check, then promote only after validation."
Batch 1 - AdSense quality expansion,E-Waste Pickup Near Me,e-waste-pickup-near-me,Very high,E-Waste Pickup for Shops and Small Businesses,/blog/ewaste-pickup-shops-businesses-kochi/,ewaste-pickup-shops-businesses-kochi,quarantine-review,316,3,"Expand to 1200+ original words, fact-check, then promote only after validation."
Batch 1 - AdSense quality expansion,E-Waste Recycling Basics,e-waste-recycling-basics,Very high,E-Waste Recycling Questions Every User Should Ask,/blog/ewaste-recycling-questions-every-user-should-ask/,ewaste-recycling-questions-every-user-should-ask,quarantine-review,314,3,"Expand to 1200+ original words, fact-check, then promote only after validation."
Batch 1 - AdSense quality expansion,E-Waste Pickup Near Me,e-waste-pickup-near-me,Very high,Electronic Waste Disposal Near Me,/blog/electronic-waste-disposal-near-me-kochi/,electronic-waste-disposal-near-me-kochi,quarantine-review,309,3,"Expand to 1200+ original words, fact-check, then promote only after validation."
Batch 1 - AdSense quality expansion,Data Destruction & ITAD,data-destruction-itad,Very high B2B,ITAD Readiness Checklist,/blog/itad-readiness-checklist/,itad-readiness-checklist,quarantine-draft,265,4,Rewrite substantially to 1200+ original words; do not publish the generated draft as-is.
Batch 1 - AdSense quality expansion,Data Destruction & ITAD,data-destruction-itad,Very high B2B,Choosing a Data Destruction Partner,/blog/choosing-a-data-destruction-partner/,choosing-a-data-destruction-partner,quarantine-draft,263,4,Rewrite substantially to 1200+ original words; do not publish the generated draft as-is.
Batch 1 - AdSense quality expansion,Data Destruction & ITAD,data-destruction-itad,Very high B2B,Data Destruction for Old Laptops and Hard Drives,/blog/data-destruction-for-old-laptops-and-hard-drives/,data-destruction-for-old-laptops-and-hard-drives,quarantine-draft,261,4,Rewrite substantially to 1200+ original words; do not publish the generated draft as-is.
Batch 1 - AdSense quality expansion,Data Destruction & ITAD,data-destruction-itad,Very high B2B,How ITAD Protects Business Data,/blog/how-itad-protects-business-data/,how-itad-protects-business-data,quarantine-draft,260,4,Rewrite substantially to 1200+ original words; do not publish the generated draft as-is.
Batch 1 - AdSense quality expansion,Data Destruction & ITAD,data-destruction-itad,Very high B2B,What to Ask Before Handing Over Hard Drives,/blog/what-to-ask-before-handing-over-hard-drives/,what-to-ask-before-handing-over-hard-drives,quarantine-draft,259,4,Rewrite substantially to 1200+ original words; do not publish the generated draft as-is.
Batch 1 - AdSense quality expansion,Data Destruction & ITAD,data-destruction-itad,Very high B2B,Data Destruction for Small Offices,/blog/data-destruction-for-small-offices/,data-destruction-for-small-offices,quarantine-draft,258,4,Rewrite substantially to 1200+ original words; do not publish the generated draft as-is.
Batch 1 - AdSense quality expansion,Data Destruction & ITAD,data-destruction-itad,Very high B2B,Data-Bearing Devices Before Pickup,/blog/data-bearing-devices-before-pickup/,data-bearing-devices-before-pickup,quarantine-draft,258,4,Rewrite substantially to 1200+ original words; do not publish the generated draft as-is.
Batch 1 - AdSense quality expansion,Data Destruction & ITAD,data-destruction-itad,Very high B2B,Business Data Disposal Checklist,/blog/business-data-disposal-checklist/,business-data-disposal-checklist,quarantine-draft,256,4,Rewrite substantially to 1200+ original words; do not publish the generated draft as-is.
Batch 1 - AdSense quality expansion,Data Destruction & ITAD,data-destruction-itad,Very high B2B,How to Prepare Devices for Data Destruction,/blog/how-to-prepare-devices-for-data-destruction/,how-to-prepare-devices-for-data-destruction,quarantine-draft,255,4,Rewrite substantially to 1200+ original words; do not publish the generated draft as-is.
Batch 2 - next quality expansion,Data Destruction & ITAD,data-destruction-itad,Very high B2B,Server Recycling Data Checklist,/blog/server-recycling-data-checklist/,server-recycling-data-checklist,quarantine-draft,253,4,Rewrite substantially to 1200+ original words; do not publish the generated draft as-is.
Batch 2 - next quality expansion,Data Destruction & ITAD,data-destruction-itad,Very high B2B,ITAD Services in Kochi,/blog/itad-services-in-kochi/,itad-services-in-kochi,quarantine-draft,248,4,Rewrite substantially to 1200+ original words; do not publish the generated draft as-is.
Batch 2 - next quality expansion,Data Destruction & ITAD,data-destruction-itad,Very high B2B,Secure IT Scrap Collection Guide,/blog/secure-it-scrap-collection-guide/,secure-it-scrap-collection-guide,quarantine-draft,245,4,Rewrite substantially to 1200+ original words; do not publish the generated draft as-is.
Batch 2 - next quality expansion,Data Destruction & ITAD,data-destruction-itad,Very high B2B,Storage Media Disposal Mistakes,/blog/storage-media-disposal-mistakes/,storage-media-disposal-mistakes,quarantine-draft,242,4,Rewrite substantially to 1200+ original words; do not publish the generated draft as-is.
Batch 2 - next quality expansion,Data Destruction & ITAD,data-destruction-itad,Very high B2B,What Documentation May Be Available?,/blog/what-documentation-may-be-available/,what-documentation-may-be-available,quarantine-draft,241,4,Rewrite substantially to 1200+ original words; do not publish the generated draft as-is.
Batch 2 - next quality expansion,Data Destruction & ITAD,data-destruction-itad,Very high B2B,Data Destruction Documentation Explained,/blog/data-destruction-documentation-explained/,data-destruction-documentation-explained,quarantine-draft,236,4,Rewrite substantially to 1200+ original words; do not publish the generated draft as-is.
Batch 2 - next quality expansion,Data Destruction & ITAD,data-destruction-itad,Very high B2B,Laptop Data Safety Before Recycling,/blog/laptop-data-safety-before-recycling/,laptop-data-safety-before-recycling,quarantine-draft,227,4,Rewrite substantially to 1200+ original words; do not publish the generated draft as-is.
Batch 2 - next quality expansion,Kerala E-Waste Rules & Compliance,kerala-ewaste-rules-compliance,High authority,Compliance Questions for Small Businesses,/blog/compliance-questions-small-businesses-kochi/,compliance-questions-small-businesses-kochi,quarantine-review,493,5,"Expand to 1200+ original words, fact-check, then promote only after validation."
Batch 2 - next quality expansion,Kerala E-Waste Rules & Compliance,kerala-ewaste-rules-compliance,High authority,How Businesses Should Think About E-Waste Records,/blog/how-businesses-should-think-about-e-waste-records/,how-businesses-should-think-about-e-waste-records,quarantine-draft,250,4,Rewrite substantially to 1200+ original words; do not publish the generated draft as-is.
Batch 2 - next quality expansion,Kerala E-Waste Rules & Compliance,kerala-ewaste-rules-compliance,High authority,E-Waste Documentation for Offices,/blog/e-waste-documentation-for-offices/,e-waste-documentation-for-offices,quarantine-draft,248,4,Rewrite substantially to 1200+ original words; do not publish the generated draft as-is.
Batch 2 - next quality expansion,Kerala E-Waste Rules & Compliance,kerala-ewaste-rules-compliance,High authority,How to Ask for E-Waste Documentation,/blog/how-to-ask-for-e-waste-documentation/,how-to-ask-for-e-waste-documentation,quarantine-draft,245,4,Rewrite substantially to 1200+ original words; do not publish the generated draft as-is.
Batch 2 - next quality expansion,Kerala E-Waste Rules & Compliance,kerala-ewaste-rules-compliance,High authority,Compliance Mistakes Businesses Should Avoid,/blog/compliance-mistakes-businesses-should-avoid/,compliance-mistakes-businesses-should-avoid,quarantine-draft,244,4,Rewrite substantially to 1200+ original words; do not publish the generated draft as-is.
Batch 2 - next quality expansion,Kerala E-Waste Rules & Compliance,kerala-ewaste-rules-compliance,High authority,What Is Extended Producer Responsibility in E-Waste?,/blog/what-is-extended-producer-responsibility-in-e-waste/,what-is-extended-producer-responsibility-in-e-waste,quarantine-draft,241,4,Rewrite substantially to 1200+ original words; do not publish the generated draft as-is.
Batch 2 - next quality expansion,Kerala E-Waste Rules & Compliance,kerala-ewaste-rules-compliance,High authority,Documentation Terms in E-Waste Recycling,/blog/documentation-terms-in-e-waste-recycling/,documentation-terms-in-e-waste-recycling,quarantine-draft,240,4,Rewrite substantially to 1200+ original words; do not publish the generated draft as-is.
Batch 2 - next quality expansion,"TV, Monitor & Appliance Disposal",tv-monitor-appliance-disposal,High,What to Do with Old Remotes and Cables,/blog/what-to-do-with-old-remotes-and-cables/,what-to-do-with-old-remotes-and-cables,quarantine-draft,237,4,Rewrite substantially to 1200+ original words; do not publish the generated draft as-is.
Batch 2 - next quality expansion,Kerala E-Waste Rules & Compliance,kerala-ewaste-rules-compliance,High authority,Kerala E-Waste Disposal: Safe Options for Homes,/blog/kerala-e-waste-disposal-safe-options-for-homes/,kerala-e-waste-disposal-safe-options-for-homes,quarantine-draft,235,4,Rewrite substantially to 1200+ original words; do not publish the generated draft as-is.
Batch 2 - next quality expansion,Kerala E-Waste Rules & Compliance,kerala-ewaste-rules-compliance,High authority,What EPR Means for Regular Consumers,/blog/what-epr-means-for-regular-consumers/,what-epr-means-for-regular-consumers,quarantine-draft,228,4,Rewrite substantially to 1200+ original words; do not publish the generated draft as-is.
Batch 2 - next quality expansion,Kerala E-Waste Rules & Compliance,kerala-ewaste-rules-compliance,High authority,What Consumers Should Know Before Recycling Electronics,/blog/what-consumers-should-know-before-recycling-electronics/,what-consumers-should-know-before-recycling-electronics,quarantine-draft,225,4,Rewrite substantially to 1200+ original words; do not publish the generated draft as-is.
Batch 2 - next quality expansion,Kerala E-Waste Rules & Compliance,kerala-ewaste-rules-compliance,High authority,Responsible E-Waste Recycling Checklist,/blog/responsible-e-waste-recycling-checklist/,responsible-e-waste-recycling-checklist,quarantine-draft,223,4,Rewrite substantially to 1200+ original words; do not publish the generated draft as-is.
Batch 2 - next quality expansion,"TV, Monitor & Appliance Disposal",tv-monitor-appliance-disposal,High,TV vs Monitor Recycling,/blog/tv-vs-monitor-recycling/,tv-vs-monitor-recycling,quarantine-draft,223,4,Rewrite substantially to 1200+ original words; do not publish the generated draft as-is.
Backlog,Kerala E-Waste Rules & Compliance,kerala-ewaste-rules-compliance,High authority,E-Waste Rules 2022: Simple Guide for Consumers,/blog/e-waste-rules-2022-simple-guide-for-consumers/,e-waste-rules-2022-simple-guide-for-consumers,quarantine-draft,220,4,Rewrite substantially to 1200+ original words; do not publish the generated draft as-is.
Backlog,Kerala E-Waste Rules & Compliance,kerala-ewaste-rules-compliance,High authority,Safe Legal Questions to Ask a Recycler,/blog/safe-legal-questions-to-ask-a-recycler/,safe-legal-questions-to-ask-a-recycler,quarantine-draft,218,4,Rewrite substantially to 1200+ original words; do not publish the generated draft as-is.
Backlog,Kerala E-Waste Rules & Compliance,kerala-ewaste-rules-compliance,High authority,Producer Responsibility Explained Simply,/blog/producer-responsibility-explained-simply/,producer-responsibility-explained-simply,quarantine-draft,216,4,Rewrite substantially to 1200+ original words; do not publish the generated draft as-is.
Backlog,"TV, Monitor & Appliance Disposal",tv-monitor-appliance-disposal,High,Electronic Appliance Disposal Mistakes,/blog/electronic-appliance-disposal-mistakes/,electronic-appliance-disposal-mistakes,quarantine-draft,213,4,Rewrite substantially to 1200+ original words; do not publish the generated draft as-is.
Backlog,Kerala E-Waste Rules & Compliance,kerala-ewaste-rules-compliance,High authority,How to Check Whether an E-Waste Recycler Is Responsible,/blog/how-to-check-whether-an-e-waste-recycler-is-responsible/,how-to-check-whether-an-e-waste-recycler-is-responsible,quarantine-draft,211,4,Rewrite substantially to 1200+ original words; do not publish the generated draft as-is.
Backlog,Kerala E-Waste Rules & Compliance,kerala-ewaste-rules-compliance,High authority,CPCB and E-Waste: What Consumers Should Know,/blog/cpcb-and-e-waste-what-consumers-should-know/,cpcb-and-e-waste-what-consumers-should-know,quarantine-draft,210,4,Rewrite substantially to 1200+ original words; do not publish the generated draft as-is.
Backlog,"TV, Monitor & Appliance Disposal",tv-monitor-appliance-disposal,High,Screen Damage and Recycling,/blog/screen-damage-and-recycling/,screen-damage-and-recycling,quarantine-draft,210,4,Rewrite substantially to 1200+ original words; do not publish the generated draft as-is.
Backlog,Kerala E-Waste Rules & Compliance,kerala-ewaste-rules-compliance,High authority,E-Waste Rules FAQ for Kerala Residents,/blog/e-waste-rules-faq-for-kerala-residents/,e-waste-rules-faq-for-kerala-residents,quarantine-draft,209,4,Rewrite substantially to 1200+ original words; do not publish the generated draft as-is.
Backlog,Kerala E-Waste Rules & Compliance,kerala-ewaste-rules-compliance,High authority,What Is a Dismantler vs Recycler?,/blog/what-is-a-dismantler-vs-recycler/,what-is-a-dismantler-vs-recycler,quarantine-draft,209,4,Rewrite substantially to 1200+ original words; do not publish the generated draft as-is.
Backlog,Kerala E-Waste Rules & Compliance,kerala-ewaste-rules-compliance,High authority,Why Authorized Handling Matters,/blog/why-authorized-handling-matters/,why-authorized-handling-matters,quarantine-draft,208,4,Rewrite substantially to 1200+ original words; do not publish the generated draft as-is.
Backlog,Kerala E-Waste Rules & Compliance,kerala-ewaste-rules-compliance,High authority,Kerala Users and E-Waste Disposal Basics,/blog/kerala-users-and-e-waste-disposal-basics/,kerala-users-and-e-waste-disposal-basics,quarantine-draft,206,4,Rewrite substantially to 1200+ original words; do not publish the generated draft as-is.
Backlog,"TV, Monitor & Appliance Disposal",tv-monitor-appliance-disposal,High,Office Monitor Recycling,/blog/office-monitor-recycling/,office-monitor-recycling,quarantine-draft,202,4,Rewrite substantially to 1200+ original words; do not publish the generated draft as-is.
Backlog,Kerala E-Waste Rules & Compliance,kerala-ewaste-rules-compliance,High authority,Responsible Recycler Checklist,/blog/responsible-recycler-checklist/,responsible-recycler-checklist,quarantine-draft,201,4,Rewrite substantially to 1200+ original words; do not publish the generated draft as-is.
Backlog,Kerala E-Waste Rules & Compliance,kerala-ewaste-rules-compliance,High authority,Consumer Responsibilities in E-Waste Recycling,/blog/consumer-responsibilities-in-e-waste-recycling/,consumer-responsibilities-in-e-waste-recycling,quarantine-draft,198,4,Rewrite substantially to 1200+ original words; do not publish the generated draft as-is.
Backlog,Environmental Impact & Sustainability,environmental-impact-sustainability,Medium authority,E-Waste and Data Privacy Risks,/blog/ewaste-data-privacy-risks-kochi/,ewaste-data-privacy-risks-kochi,quarantine-review,498,5,"Expand to 1200+ original words, fact-check, then promote only after validation."
Backlog,"School, Apartment & Community E-Waste Drives",school-apartment-community-ewaste-drives,"Medium, but avoid fake client claims",What Items Need Special Handling,/blog/what-items-need-special-handling/,what-items-need-special-handling,quarantine-draft,231,4,Rewrite substantially to 1200+ original words; do not publish the generated draft as-is.
Backlog,Environmental Impact & Sustainability,environmental-impact-sustainability,Medium authority,Sustainable Electronics Habits,/blog/sustainable-electronics-habits/,sustainable-electronics-habits,quarantine-draft,215,4,Rewrite substantially to 1200+ original words; do not publish the generated draft as-is.
Backlog,"School, Apartment & Community E-Waste Drives",school-apartment-community-ewaste-drives,"Medium, but avoid fake client claims",How to Avoid Informal Scrap Collection in Apartments,/blog/how-to-avoid-informal-scrap-collection-in-apartments/,how-to-avoid-informal-scrap-collection-in-apartments,quarantine-draft,214,4,Rewrite substantially to 1200+ original words; do not publish the generated draft as-is.
Backlog,Environmental Impact & Sustainability,environmental-impact-sustainability,Medium authority,Environmental E-Waste FAQ,/blog/environmental-e-waste-faq/,environmental-e-waste-faq,quarantine-draft,212,4,Rewrite substantially to 1200+ original words; do not publish the generated draft as-is.
Backlog,Environmental Impact & Sustainability,environmental-impact-sustainability,Medium authority,Responsible Recycling Questions to Ask,/blog/responsible-recycling-questions-to-ask/,responsible-recycling-questions-to-ask,quarantine-draft,211,4,Rewrite substantially to 1200+ original words; do not publish the generated draft as-is.
Backlog,"School, Apartment & Community E-Waste Drives",school-apartment-community-ewaste-drives,"Medium, but avoid fake client claims",Community E-Waste Mistakes to Avoid,/blog/community-e-waste-mistakes-to-avoid/,community-e-waste-mistakes-to-avoid,quarantine-draft,209,4,Rewrite substantially to 1200+ original words; do not publish the generated draft as-is.
Backlog,"School, Apartment & Community E-Waste Drives",school-apartment-community-ewaste-drives,"Medium, but avoid fake client claims",Bulk Laptop Collection Safety,/blog/bulk-laptop-collection-safety/,bulk-laptop-collection-safety,quarantine-draft,208,4,Rewrite substantially to 1200+ original words; do not publish the generated draft as-is.
Backlog,Environmental Impact & Sustainability,environmental-impact-sustainability,Medium authority,E-Waste Awareness for Local Communities,/blog/e-waste-awareness-for-local-communities/,e-waste-awareness-for-local-communities,quarantine-draft,207,4,Rewrite substantially to 1200+ original words; do not publish the generated draft as-is.
Backlog,Environmental Impact & Sustainability,environmental-impact-sustainability,Medium authority,Sustainable IT Asset Disposal,/blog/sustainable-it-asset-disposal/,sustainable-it-asset-disposal,quarantine-draft,207,4,Rewrite substantially to 1200+ original words; do not publish the generated draft as-is.
Backlog,Environmental Impact & Sustainability,environmental-impact-sustainability,Medium authority,Sustainable Electronics Disposal in Kochi,/blog/sustainable-electronics-disposal-in-kochi/,sustainable-electronics-disposal-in-kochi,quarantine-draft,200,4,Rewrite substantially to 1200+ original words; do not publish the generated draft as-is.
Backlog,Environmental Impact & Sustainability,environmental-impact-sustainability,Medium authority,Responsible Recycling for Apartments,/blog/responsible-recycling-for-apartments/,responsible-recycling-for-apartments,quarantine-draft,197,4,Rewrite substantially to 1200+ original words; do not publish the generated draft as-is.
Backlog,Environmental Impact & Sustainability,environmental-impact-sustainability,Medium authority,Battery Safety and Environment,/blog/battery-safety-and-environment/,battery-safety-and-environment,quarantine-draft,196,4,Rewrite substantially to 1200+ original words; do not publish the generated draft as-is.
Backlog,Environmental Impact & Sustainability,environmental-impact-sustainability,Medium authority,E-Waste Pollution: What Users Should Know,/blog/e-waste-pollution-what-users-should-know/,e-waste-pollution-what-users-should-know,quarantine-draft,195,4,Rewrite substantially to 1200+ original words; do not publish the generated draft as-is.
Backlog,Environmental Impact & Sustainability,environmental-impact-sustainability,Medium authority,Responsible Disposal vs Informal Scrap Handling,/blog/responsible-disposal-vs-informal-scrap-handling/,responsible-disposal-vs-informal-scrap-handling,quarantine-draft,193,4,Rewrite substantially to 1200+ original words; do not publish the generated draft as-is.
