id,title,slug,cluster,clusterSlug,intent,audience,location,device,priority,keyword,canonical,publishedAt,reviewedBy,safetyReview,legalReview,sourceCount,status
"kochi-guides-01","How to Dispose of E-Waste Responsibly in Kochi","how-to-dispose-of-e-waste-responsibly-in-kochi","Kochi Local Guides","kochi-guides","transactional","households|small businesses","Kochi","mixed electronics","1","How to Dispose of E-Waste Responsibly in Kochi","https://blog.ewastekochi.com/kochi-guides/how-to-dispose-of-e-waste-responsibly-in-kochi/","2026-07-01","EWaste Kochi Editorial Desk","false","false","2","publishable-after-editorial-review"
"kochi-guides-02","How to Dispose of E-Waste Responsibly in Kakkanad","how-to-dispose-of-e-waste-responsibly-in-kakkanad","Kochi Local Guides","kochi-guides","transactional","households|small businesses","Kakkanad","mixed electronics","1","How to Dispose of E-Waste Responsibly in Kakkanad","https://blog.ewastekochi.com/kochi-guides/how-to-dispose-of-e-waste-responsibly-in-kakkanad/","2026-07-02","EWaste Kochi Editorial Desk","false","false","2","publishable-after-editorial-review"
"kochi-guides-03","How to Dispose of E-Waste Responsibly in Edappally","how-to-dispose-of-e-waste-responsibly-in-edappally","Kochi Local Guides","kochi-guides","transactional","households|small businesses","Edappally","mixed electronics","1","How to Dispose of E-Waste Responsibly in Edappally","https://blog.ewastekochi.com/kochi-guides/how-to-dispose-of-e-waste-responsibly-in-edappally/","2026-07-03","EWaste Kochi Editorial Desk","false","false","2","publishable-after-editorial-review"
"kochi-guides-04","How to Dispose of E-Waste Responsibly in Vyttila","how-to-dispose-of-e-waste-responsibly-in-vyttila","Kochi Local Guides","kochi-guides","transactional","households|small businesses","Vyttila","mixed electronics","2","How to Dispose of E-Waste Responsibly in Vyttila","https://blog.ewastekochi.com/kochi-guides/how-to-dispose-of-e-waste-responsibly-in-vyttila/","2026-07-04","EWaste Kochi Editorial Desk","false","false","2","publishable-after-editorial-review"
"kochi-guides-05","How to Dispose of E-Waste Responsibly in Thrippunithura","how-to-dispose-of-e-waste-responsibly-in-thrippunithura","Kochi Local Guides","kochi-guides","transactional","households|small businesses","Thrippunithura","mixed electronics","2","How to Dispose of E-Waste Responsibly in Thrippunithura","https://blog.ewastekochi.com/kochi-guides/how-to-dispose-of-e-waste-responsibly-in-thrippunithura/","2026-07-05","EWaste Kochi Editorial Desk","false","false","2","publishable-after-editorial-review"
"kochi-guides-06","How to Dispose of E-Waste Responsibly in Aluva","how-to-dispose-of-e-waste-responsibly-in-aluva","Kochi Local Guides","kochi-guides","transactional","households|small businesses","Aluva","mixed electronics","2","How to Dispose of E-Waste Responsibly in Aluva","https://blog.ewastekochi.com/kochi-guides/how-to-dispose-of-e-waste-responsibly-in-aluva/","2026-07-06","EWaste Kochi Editorial Desk","false","false","2","publishable-after-editorial-review"
"kochi-guides-07","How to Dispose of E-Waste Responsibly in Kalamassery","how-to-dispose-of-e-waste-responsibly-in-kalamassery","Kochi Local Guides","kochi-guides","transactional","households|small businesses","Kalamassery","mixed electronics","2","How to Dispose of E-Waste Responsibly in Kalamassery","https://blog.ewastekochi.com/kochi-guides/how-to-dispose-of-e-waste-responsibly-in-kalamassery/","2026-07-07","EWaste Kochi Editorial Desk","false","false","2","publishable-after-editorial-review"
"kochi-guides-08","How to Dispose of E-Waste Responsibly in Fort Kochi","how-to-dispose-of-e-waste-responsibly-in-fort-kochi","Kochi Local Guides","kochi-guides","transactional","households|small businesses","Fort Kochi","mixed electronics","3","How to Dispose of E-Waste Responsibly in Fort Kochi","https://blog.ewastekochi.com/kochi-guides/how-to-dispose-of-e-waste-responsibly-in-fort-kochi/","2026-07-08","EWaste Kochi Editorial Desk","false","false","2","publishable-after-editorial-review"
"kochi-guides-09","How to Dispose of E-Waste Responsibly in Maradu","how-to-dispose-of-e-waste-responsibly-in-maradu","Kochi Local Guides","kochi-guides","transactional","households|small businesses","Maradu","mixed electronics","3","How to Dispose of E-Waste Responsibly in Maradu","https://blog.ewastekochi.com/kochi-guides/how-to-dispose-of-e-waste-responsibly-in-maradu/","2026-07-09","EWaste Kochi Editorial Desk","false","false","2","publishable-after-editorial-review"
"kochi-guides-10","How to Dispose of E-Waste Responsibly in Ernakulam","how-to-dispose-of-e-waste-responsibly-in-ernakulam","Kochi Local Guides","kochi-guides","transactional","households|small businesses","Ernakulam","mixed electronics","3","How to Dispose of E-Waste Responsibly in Ernakulam","https://blog.ewastekochi.com/kochi-guides/how-to-dispose-of-e-waste-responsibly-in-ernakulam/","2026-07-10","EWaste Kochi Editorial Desk","false","false","2","publishable-after-editorial-review"
"laptop-computer-01","Old Laptop Recycling in Kochi: Data, Reuse and Handover Guide","old-laptop-recycling-in-kochi-data-reuse-and-handover-guide","Laptop & Computer Recycling","laptop-computer","commercial","device owners|IT teams","Kerala","Old Laptop","1","Old Laptop Recycling in Kochi","https://blog.ewastekochi.com/laptop-computer/old-laptop-recycling-in-kochi-data-reuse-and-handover-guide/","2026-07-11","EWaste Kochi Editorial Desk","false","false","2","publishable-after-editorial-review"
"laptop-computer-02","Desktop Computer Recycling in Kochi: Data, Reuse and Handover Guide","desktop-computer-recycling-in-kochi-data-reuse-and-handover-guide","Laptop & Computer Recycling","laptop-computer","commercial","device owners|IT teams","Kerala","Desktop Computer","1","Desktop Computer Recycling in Kochi","https://blog.ewastekochi.com/laptop-computer/desktop-computer-recycling-in-kochi-data-reuse-and-handover-guide/","2026-07-12","EWaste Kochi Editorial Desk","false","false","2","publishable-after-editorial-review"
"laptop-computer-03","Workstation Recycling in Kochi: Data, Reuse and Handover Guide","workstation-recycling-in-kochi-data-reuse-and-handover-guide","Laptop & Computer Recycling","laptop-computer","commercial","device owners|IT teams","Kerala","Workstation","1","Workstation Recycling in Kochi","https://blog.ewastekochi.com/laptop-computer/workstation-recycling-in-kochi-data-reuse-and-handover-guide/","2026-07-13","EWaste Kochi Editorial Desk","false","false","2","publishable-after-editorial-review"
"laptop-computer-04","Computer Monitor Recycling in Kochi: Data, Reuse and Handover Guide","computer-monitor-recycling-in-kochi-data-reuse-and-handover-guide","Laptop & Computer Recycling","laptop-computer","commercial","device owners|IT teams","Kerala","Computer Monitor","2","Computer Monitor Recycling in Kochi","https://blog.ewastekochi.com/laptop-computer/computer-monitor-recycling-in-kochi-data-reuse-and-handover-guide/","2026-07-14","EWaste Kochi Editorial Desk","false","false","2","publishable-after-editorial-review"
"laptop-computer-05","Office Printer Recycling in Kochi: Data, Reuse and Handover Guide","office-printer-recycling-in-kochi-data-reuse-and-handover-guide","Laptop & Computer Recycling","laptop-computer","commercial","device owners|IT teams","Kerala","Office Printer","2","Office Printer Recycling in Kochi","https://blog.ewastekochi.com/laptop-computer/office-printer-recycling-in-kochi-data-reuse-and-handover-guide/","2026-07-15","EWaste Kochi Editorial Desk","false","false","2","publishable-after-editorial-review"
"laptop-computer-06","Server Recycling in Kochi: Data, Reuse and Handover Guide","server-recycling-in-kochi-data-reuse-and-handover-guide","Laptop & Computer Recycling","laptop-computer","commercial","device owners|IT teams","Kerala","Server","2","Server Recycling in Kochi","https://blog.ewastekochi.com/laptop-computer/server-recycling-in-kochi-data-reuse-and-handover-guide/","2026-07-16","EWaste Kochi Editorial Desk","false","false","2","publishable-after-editorial-review"
"laptop-computer-07","Hard Drive Recycling in Kochi: Data, Reuse and Handover Guide","hard-drive-recycling-in-kochi-data-reuse-and-handover-guide","Laptop & Computer Recycling","laptop-computer","commercial","device owners|IT teams","Kerala","Hard Drive","2","Hard Drive Recycling in Kochi","https://blog.ewastekochi.com/laptop-computer/hard-drive-recycling-in-kochi-data-reuse-and-handover-guide/","2026-07-17","EWaste Kochi Editorial Desk","false","false","2","publishable-after-editorial-review"
"laptop-computer-08","SSD Recycling in Kochi: Data, Reuse and Handover Guide","ssd-recycling-in-kochi-data-reuse-and-handover-guide","Laptop & Computer Recycling","laptop-computer","commercial","device owners|IT teams","Kerala","SSD","3","SSD Recycling in Kochi","https://blog.ewastekochi.com/laptop-computer/ssd-recycling-in-kochi-data-reuse-and-handover-guide/","2026-07-18","EWaste Kochi Editorial Desk","false","false","2","publishable-after-editorial-review"
"laptop-computer-09","Mini PC Recycling in Kochi: Data, Reuse and Handover Guide","mini-pc-recycling-in-kochi-data-reuse-and-handover-guide","Laptop & Computer Recycling","laptop-computer","commercial","device owners|IT teams","Kerala","Mini PC","3","Mini PC Recycling in Kochi","https://blog.ewastekochi.com/laptop-computer/mini-pc-recycling-in-kochi-data-reuse-and-handover-guide/","2026-07-19","EWaste Kochi Editorial Desk","false","false","2","publishable-after-editorial-review"
"laptop-computer-10","MacBook Recycling in Kochi: Data, Reuse and Handover Guide","macbook-recycling-in-kochi-data-reuse-and-handover-guide","Laptop & Computer Recycling","laptop-computer","commercial","device owners|IT teams","Kerala","MacBook","3","MacBook Recycling in Kochi","https://blog.ewastekochi.com/laptop-computer/macbook-recycling-in-kochi-data-reuse-and-handover-guide/","2026-07-20","EWaste Kochi Editorial Desk","false","false","2","publishable-after-editorial-review"
"mobile-gadgets-01","Can You Recycle a Smartphone? A Safe Kerala Disposal Guide","can-you-recycle-a-smartphone-a-safe-kerala-disposal-guide","Mobile & Gadget Recycling","mobile-gadgets","informational","consumers|repair shops","Kerala","Smartphone","1","Can You Recycle a Smartphone? A Safe Kerala Disposal Guide","https://blog.ewastekochi.com/mobile-gadgets/can-you-recycle-a-smartphone-a-safe-kerala-disposal-guide/","2026-07-21","EWaste Kochi Editorial Desk","false","false","2","publishable-after-editorial-review"
"mobile-gadgets-02","Can You Recycle a Tablet? A Safe Kerala Disposal Guide","can-you-recycle-a-tablet-a-safe-kerala-disposal-guide","Mobile & Gadget Recycling","mobile-gadgets","informational","consumers|repair shops","Kerala","Tablet","1","Can You Recycle a Tablet? A Safe Kerala Disposal Guide","https://blog.ewastekochi.com/mobile-gadgets/can-you-recycle-a-tablet-a-safe-kerala-disposal-guide/","2026-07-22","EWaste Kochi Editorial Desk","false","false","2","publishable-after-editorial-review"
"mobile-gadgets-03","Can You Recycle a Smartwatch? A Safe Kerala Disposal Guide","can-you-recycle-a-smartwatch-a-safe-kerala-disposal-guide","Mobile & Gadget Recycling","mobile-gadgets","informational","consumers|repair shops","Kerala","Smartwatch","1","Can You Recycle a Smartwatch? A Safe Kerala Disposal Guide","https://blog.ewastekochi.com/mobile-gadgets/can-you-recycle-a-smartwatch-a-safe-kerala-disposal-guide/","2026-07-23","EWaste Kochi Editorial Desk","false","false","2","publishable-after-editorial-review"
"mobile-gadgets-04","Can You Recycle a Earbuds? A Safe Kerala Disposal Guide","can-you-recycle-a-earbuds-a-safe-kerala-disposal-guide","Mobile & Gadget Recycling","mobile-gadgets","informational","consumers|repair shops","Kerala","Earbuds","2","Can You Recycle a Earbuds? A Safe Kerala Disposal Guide","https://blog.ewastekochi.com/mobile-gadgets/can-you-recycle-a-earbuds-a-safe-kerala-disposal-guide/","2026-07-24","EWaste Kochi Editorial Desk","false","false","2","publishable-after-editorial-review"
"mobile-gadgets-05","Can You Recycle a Power Bank? A Safe Kerala Disposal Guide","can-you-recycle-a-power-bank-a-safe-kerala-disposal-guide","Mobile & Gadget Recycling","mobile-gadgets","informational","consumers|repair shops","Kerala","Power Bank","2","Can You Recycle a Power Bank? A Safe Kerala Disposal Guide","https://blog.ewastekochi.com/mobile-gadgets/can-you-recycle-a-power-bank-a-safe-kerala-disposal-guide/","2026-07-01","EWaste Kochi Editorial Desk","false","false","2","publishable-after-editorial-review"
"mobile-gadgets-06","Can You Recycle a Charger? A Safe Kerala Disposal Guide","can-you-recycle-a-charger-a-safe-kerala-disposal-guide","Mobile & Gadget Recycling","mobile-gadgets","informational","consumers|repair shops","Kerala","Charger","2","Can You Recycle a Charger? A Safe Kerala Disposal Guide","https://blog.ewastekochi.com/mobile-gadgets/can-you-recycle-a-charger-a-safe-kerala-disposal-guide/","2026-07-02","EWaste Kochi Editorial Desk","false","false","2","publishable-after-editorial-review"
"mobile-gadgets-07","Can You Recycle a Router? A Safe Kerala Disposal Guide","can-you-recycle-a-router-a-safe-kerala-disposal-guide","Mobile & Gadget Recycling","mobile-gadgets","informational","consumers|repair shops","Kerala","Router","2","Can You Recycle a Router? A Safe Kerala Disposal Guide","https://blog.ewastekochi.com/mobile-gadgets/can-you-recycle-a-router-a-safe-kerala-disposal-guide/","2026-07-03","EWaste Kochi Editorial Desk","false","false","2","publishable-after-editorial-review"
"mobile-gadgets-08","Can You Recycle a Camera? A Safe Kerala Disposal Guide","can-you-recycle-a-camera-a-safe-kerala-disposal-guide","Mobile & Gadget Recycling","mobile-gadgets","informational","consumers|repair shops","Kerala","Camera","3","Can You Recycle a Camera? A Safe Kerala Disposal Guide","https://blog.ewastekochi.com/mobile-gadgets/can-you-recycle-a-camera-a-safe-kerala-disposal-guide/","2026-07-04","EWaste Kochi Editorial Desk","false","false","2","publishable-after-editorial-review"
"mobile-gadgets-09","Can You Recycle a Gaming Console? A Safe Kerala Disposal Guide","can-you-recycle-a-gaming-console-a-safe-kerala-disposal-guide","Mobile & Gadget Recycling","mobile-gadgets","informational","consumers|repair shops","Kerala","Gaming Console","3","Can You Recycle a Gaming Console? A Safe Kerala Disposal Guide","https://blog.ewastekochi.com/mobile-gadgets/can-you-recycle-a-gaming-console-a-safe-kerala-disposal-guide/","2026-07-05","EWaste Kochi Editorial Desk","false","false","2","publishable-after-editorial-review"
"mobile-gadgets-10","Can You Recycle a Bluetooth Speaker? A Safe Kerala Disposal Guide","can-you-recycle-a-bluetooth-speaker-a-safe-kerala-disposal-guide","Mobile & Gadget Recycling","mobile-gadgets","informational","consumers|repair shops","Kerala","Bluetooth Speaker","3","Can You Recycle a Bluetooth Speaker? A Safe Kerala Disposal Guide","https://blog.ewastekochi.com/mobile-gadgets/can-you-recycle-a-bluetooth-speaker-a-safe-kerala-disposal-guide/","2026-07-06","EWaste Kochi Editorial Desk","false","false","2","publishable-after-editorial-review"
"battery-recycling-01","Lithium-ion Battery Disposal in Kerala: Storage, Safety and Recycling","lithium-ion-battery-disposal-in-kerala-storage-safety-and-recycling","Battery Recycling","battery-recycling","informational","households|facility teams","Kerala","Lithium-ion Battery","1","Lithium-ion Battery Disposal in Kerala","https://blog.ewastekochi.com/battery-recycling/lithium-ion-battery-disposal-in-kerala-storage-safety-and-recycling/","2026-07-07","EWaste Kochi Editorial Desk","true","false","2","publishable-after-editorial-review"
"battery-recycling-02","Laptop Battery Disposal in Kerala: Storage, Safety and Recycling","laptop-battery-disposal-in-kerala-storage-safety-and-recycling","Battery Recycling","battery-recycling","informational","households|facility teams","Kerala","Laptop Battery","1","Laptop Battery Disposal in Kerala","https://blog.ewastekochi.com/battery-recycling/laptop-battery-disposal-in-kerala-storage-safety-and-recycling/","2026-07-08","EWaste Kochi Editorial Desk","true","false","2","publishable-after-editorial-review"
"battery-recycling-03","Phone Battery Disposal in Kerala: Storage, Safety and Recycling","phone-battery-disposal-in-kerala-storage-safety-and-recycling","Battery Recycling","battery-recycling","informational","households|facility teams","Kerala","Phone Battery","1","Phone Battery Disposal in Kerala","https://blog.ewastekochi.com/battery-recycling/phone-battery-disposal-in-kerala-storage-safety-and-recycling/","2026-07-09","EWaste Kochi Editorial Desk","true","false","2","publishable-after-editorial-review"
"battery-recycling-04","UPS Battery Disposal in Kerala: Storage, Safety and Recycling","ups-battery-disposal-in-kerala-storage-safety-and-recycling","Battery Recycling","battery-recycling","informational","households|facility teams","Kerala","UPS Battery","2","UPS Battery Disposal in Kerala","https://blog.ewastekochi.com/battery-recycling/ups-battery-disposal-in-kerala-storage-safety-and-recycling/","2026-07-10","EWaste Kochi Editorial Desk","true","false","2","publishable-after-editorial-review"
"battery-recycling-05","Power-tool Battery Disposal in Kerala: Storage, Safety and Recycling","power-tool-battery-disposal-in-kerala-storage-safety-and-recycling","Battery Recycling","battery-recycling","informational","households|facility teams","Kerala","Power-tool Battery","2","Power-tool Battery Disposal in Kerala","https://blog.ewastekochi.com/battery-recycling/power-tool-battery-disposal-in-kerala-storage-safety-and-recycling/","2026-07-11","EWaste Kochi Editorial Desk","true","false","2","publishable-after-editorial-review"
"battery-recycling-06","E-bike Battery Disposal in Kerala: Storage, Safety and Recycling","e-bike-battery-disposal-in-kerala-storage-safety-and-recycling","Battery Recycling","battery-recycling","informational","households|facility teams","Kerala","E-bike Battery","2","E-bike Battery Disposal in Kerala","https://blog.ewastekochi.com/battery-recycling/e-bike-battery-disposal-in-kerala-storage-safety-and-recycling/","2026-07-12","EWaste Kochi Editorial Desk","true","false","2","publishable-after-editorial-review"
"battery-recycling-07","Button Cell Disposal in Kerala: Storage, Safety and Recycling","button-cell-disposal-in-kerala-storage-safety-and-recycling","Battery Recycling","battery-recycling","informational","households|facility teams","Kerala","Button Cell","2","Button Cell Disposal in Kerala","https://blog.ewastekochi.com/battery-recycling/button-cell-disposal-in-kerala-storage-safety-and-recycling/","2026-07-13","EWaste Kochi Editorial Desk","true","false","2","publishable-after-editorial-review"
"battery-recycling-08","Camera Battery Disposal in Kerala: Storage, Safety and Recycling","camera-battery-disposal-in-kerala-storage-safety-and-recycling","Battery Recycling","battery-recycling","informational","households|facility teams","Kerala","Camera Battery","3","Camera Battery Disposal in Kerala","https://blog.ewastekochi.com/battery-recycling/camera-battery-disposal-in-kerala-storage-safety-and-recycling/","2026-07-14","EWaste Kochi Editorial Desk","true","false","2","publishable-after-editorial-review"
"battery-recycling-09","Swollen Battery Disposal in Kerala: Storage, Safety and Recycling","swollen-battery-disposal-in-kerala-storage-safety-and-recycling","Battery Recycling","battery-recycling","informational","households|facility teams","Kerala","Swollen Battery","3","Swollen Battery Disposal in Kerala","https://blog.ewastekochi.com/battery-recycling/swollen-battery-disposal-in-kerala-storage-safety-and-recycling/","2026-07-15","EWaste Kochi Editorial Desk","true","false","2","publishable-after-editorial-review"
"battery-recycling-10","Damaged Battery Pack Disposal in Kerala: Storage, Safety and Recycling","damaged-battery-pack-disposal-in-kerala-storage-safety-and-recycling","Battery Recycling","battery-recycling","informational","households|facility teams","Kerala","Damaged Battery Pack","3","Damaged Battery Pack Disposal in Kerala","https://blog.ewastekochi.com/battery-recycling/damaged-battery-pack-disposal-in-kerala-storage-safety-and-recycling/","2026-07-16","EWaste Kochi Editorial Desk","true","false","2","publishable-after-editorial-review"
"itad-01","IT Asset Disposition for a Technology Company in Kerala: Control Checklist","it-asset-disposition-for-a-technology-company-in-kerala-control-checklist","IT Asset Disposition","itad","commercial","IT managers|procurement teams","Kerala","IT asset fleet","1","IT Asset Disposition for a Technology Company in Kerala","https://blog.ewastekochi.com/itad/it-asset-disposition-for-a-technology-company-in-kerala-control-checklist/","2026-07-17","EWaste Kochi Editorial Desk","false","false","2","publishable-after-editorial-review"
"itad-02","IT Asset Disposition for a School in Kerala: Control Checklist","it-asset-disposition-for-a-school-in-kerala-control-checklist","IT Asset Disposition","itad","commercial","IT managers|procurement teams","Kerala","IT asset fleet","1","IT Asset Disposition for a School in Kerala","https://blog.ewastekochi.com/itad/it-asset-disposition-for-a-school-in-kerala-control-checklist/","2026-07-18","EWaste Kochi Editorial Desk","false","false","2","publishable-after-editorial-review"
"itad-03","IT Asset Disposition for a Hospital in Kerala: Control Checklist","it-asset-disposition-for-a-hospital-in-kerala-control-checklist","IT Asset Disposition","itad","commercial","IT managers|procurement teams","Kerala","IT asset fleet","1","IT Asset Disposition for a Hospital in Kerala","https://blog.ewastekochi.com/itad/it-asset-disposition-for-a-hospital-in-kerala-control-checklist/","2026-07-19","EWaste Kochi Editorial Desk","false","false","2","publishable-after-editorial-review"
"itad-04","IT Asset Disposition for a Bank in Kerala: Control Checklist","it-asset-disposition-for-a-bank-in-kerala-control-checklist","IT Asset Disposition","itad","commercial","IT managers|procurement teams","Kerala","IT asset fleet","2","IT Asset Disposition for a Bank in Kerala","https://blog.ewastekochi.com/itad/it-asset-disposition-for-a-bank-in-kerala-control-checklist/","2026-07-20","EWaste Kochi Editorial Desk","false","false","2","publishable-after-editorial-review"
"itad-05","IT Asset Disposition for a Hotel in Kerala: Control Checklist","it-asset-disposition-for-a-hotel-in-kerala-control-checklist","IT Asset Disposition","itad","commercial","IT managers|procurement teams","Kerala","IT asset fleet","2","IT Asset Disposition for a Hotel in Kerala","https://blog.ewastekochi.com/itad/it-asset-disposition-for-a-hotel-in-kerala-control-checklist/","2026-07-21","EWaste Kochi Editorial Desk","false","false","2","publishable-after-editorial-review"
"itad-06","IT Asset Disposition for a Retail Chain in Kerala: Control Checklist","it-asset-disposition-for-a-retail-chain-in-kerala-control-checklist","IT Asset Disposition","itad","commercial","IT managers|procurement teams","Kerala","IT asset fleet","2","IT Asset Disposition for a Retail Chain in Kerala","https://blog.ewastekochi.com/itad/it-asset-disposition-for-a-retail-chain-in-kerala-control-checklist/","2026-07-22","EWaste Kochi Editorial Desk","false","false","2","publishable-after-editorial-review"
"itad-07","IT Asset Disposition for a Government Office in Kerala: Control Checklist","it-asset-disposition-for-a-government-office-in-kerala-control-checklist","IT Asset Disposition","itad","commercial","IT managers|procurement teams","Kerala","IT asset fleet","2","IT Asset Disposition for a Government Office in Kerala","https://blog.ewastekochi.com/itad/it-asset-disposition-for-a-government-office-in-kerala-control-checklist/","2026-07-23","EWaste Kochi Editorial Desk","false","false","2","publishable-after-editorial-review"
"itad-08","IT Asset Disposition for a Startup in Kerala: Control Checklist","it-asset-disposition-for-a-startup-in-kerala-control-checklist","IT Asset Disposition","itad","commercial","IT managers|procurement teams","Kerala","IT asset fleet","3","IT Asset Disposition for a Startup in Kerala","https://blog.ewastekochi.com/itad/it-asset-disposition-for-a-startup-in-kerala-control-checklist/","2026-07-24","EWaste Kochi Editorial Desk","false","false","2","publishable-after-editorial-review"
"itad-09","IT Asset Disposition for a Data Centre in Kerala: Control Checklist","it-asset-disposition-for-a-data-centre-in-kerala-control-checklist","IT Asset Disposition","itad","commercial","IT managers|procurement teams","Kerala","IT asset fleet","3","IT Asset Disposition for a Data Centre in Kerala","https://blog.ewastekochi.com/itad/it-asset-disposition-for-a-data-centre-in-kerala-control-checklist/","2026-07-01","EWaste Kochi Editorial Desk","false","false","2","publishable-after-editorial-review"
"itad-10","IT Asset Disposition for a Design Studio in Kerala: Control Checklist","it-asset-disposition-for-a-design-studio-in-kerala-control-checklist","IT Asset Disposition","itad","commercial","IT managers|procurement teams","Kerala","IT asset fleet","3","IT Asset Disposition for a Design Studio in Kerala","https://blog.ewastekochi.com/itad/it-asset-disposition-for-a-design-studio-in-kerala-control-checklist/","2026-07-02","EWaste Kochi Editorial Desk","false","false","2","publishable-after-editorial-review"
"data-security-01","Hard Drive Erasure: What a Verifiable Device Disposal Process Requires","hard-drive-erasure-what-a-verifiable-device-disposal-process-requires","Data Security & Destruction","data-security","compliance","security teams|data fiduciaries","Kerala","data-bearing equipment","1","Hard Drive Erasure","https://blog.ewastekochi.com/data-security/hard-drive-erasure-what-a-verifiable-device-disposal-process-requires/","2026-07-03","EWaste Kochi Editorial Desk","false","true","2","publishable-after-editorial-review"
"data-security-02","SSD Sanitisation: What a Verifiable Device Disposal Process Requires","ssd-sanitisation-what-a-verifiable-device-disposal-process-requires","Data Security & Destruction","data-security","compliance","security teams|data fiduciaries","Kerala","data-bearing equipment","1","SSD Sanitisation","https://blog.ewastekochi.com/data-security/ssd-sanitisation-what-a-verifiable-device-disposal-process-requires/","2026-07-04","EWaste Kochi Editorial Desk","false","true","2","publishable-after-editorial-review"
"data-security-03","Laptop Factory Reset: What a Verifiable Device Disposal Process Requires","laptop-factory-reset-what-a-verifiable-device-disposal-process-requires","Data Security & Destruction","data-security","compliance","security teams|data fiduciaries","Kerala","data-bearing equipment","1","Laptop Factory Reset","https://blog.ewastekochi.com/data-security/laptop-factory-reset-what-a-verifiable-device-disposal-process-requires/","2026-07-05","EWaste Kochi Editorial Desk","false","true","2","publishable-after-editorial-review"
"data-security-04","Mobile Data Removal: What a Verifiable Device Disposal Process Requires","mobile-data-removal-what-a-verifiable-device-disposal-process-requires","Data Security & Destruction","data-security","compliance","security teams|data fiduciaries","Kerala","data-bearing equipment","2","Mobile Data Removal","https://blog.ewastekochi.com/data-security/mobile-data-removal-what-a-verifiable-device-disposal-process-requires/","2026-07-06","EWaste Kochi Editorial Desk","false","true","2","publishable-after-editorial-review"
"data-security-05","Server Decommissioning: What a Verifiable Device Disposal Process Requires","server-decommissioning-what-a-verifiable-device-disposal-process-requires","Data Security & Destruction","data-security","compliance","security teams|data fiduciaries","Kerala","data-bearing equipment","2","Server Decommissioning","https://blog.ewastekochi.com/data-security/server-decommissioning-what-a-verifiable-device-disposal-process-requires/","2026-07-07","EWaste Kochi Editorial Desk","false","true","2","publishable-after-editorial-review"
"data-security-06","Backup Media Disposal: What a Verifiable Device Disposal Process Requires","backup-media-disposal-what-a-verifiable-device-disposal-process-requires","Data Security & Destruction","data-security","compliance","security teams|data fiduciaries","Kerala","data-bearing equipment","2","Backup Media Disposal","https://blog.ewastekochi.com/data-security/backup-media-disposal-what-a-verifiable-device-disposal-process-requires/","2026-07-08","EWaste Kochi Editorial Desk","false","true","2","publishable-after-editorial-review"
"data-security-07","Printer Memory Clearing: What a Verifiable Device Disposal Process Requires","printer-memory-clearing-what-a-verifiable-device-disposal-process-requires","Data Security & Destruction","data-security","compliance","security teams|data fiduciaries","Kerala","data-bearing equipment","2","Printer Memory Clearing","https://blog.ewastekochi.com/data-security/printer-memory-clearing-what-a-verifiable-device-disposal-process-requires/","2026-07-09","EWaste Kochi Editorial Desk","false","true","2","publishable-after-editorial-review"
"data-security-08","Router Reset: What a Verifiable Device Disposal Process Requires","router-reset-what-a-verifiable-device-disposal-process-requires","Data Security & Destruction","data-security","compliance","security teams|data fiduciaries","Kerala","data-bearing equipment","3","Router Reset","https://blog.ewastekochi.com/data-security/router-reset-what-a-verifiable-device-disposal-process-requires/","2026-07-10","EWaste Kochi Editorial Desk","false","true","2","publishable-after-editorial-review"
"data-security-09","Encrypted Drive Disposal: What a Verifiable Device Disposal Process Requires","encrypted-drive-disposal-what-a-verifiable-device-disposal-process-requires","Data Security & Destruction","data-security","compliance","security teams|data fiduciaries","Kerala","data-bearing equipment","3","Encrypted Drive Disposal","https://blog.ewastekochi.com/data-security/encrypted-drive-disposal-what-a-verifiable-device-disposal-process-requires/","2026-07-11","EWaste Kochi Editorial Desk","false","true","2","publishable-after-editorial-review"
"data-security-10","Certificate of Destruction: What a Verifiable Device Disposal Process Requires","certificate-of-destruction-what-a-verifiable-device-disposal-process-requires","Data Security & Destruction","data-security","compliance","security teams|data fiduciaries","Kerala","data-bearing equipment","3","Certificate of Destruction","https://blog.ewastekochi.com/data-security/certificate-of-destruction-what-a-verifiable-device-disposal-process-requires/","2026-07-12","EWaste Kochi Editorial Desk","false","true","2","publishable-after-editorial-review"
"law-compliance-01","E-Waste Rules 2022 in India: An Operational Guide for Organisations","e-waste-rules-2022-in-india-an-operational-guide-for-organisations","E-Waste Law & Compliance","law-compliance","compliance","producers|business leaders","Kerala","regulated electronic equipment","1","E-Waste Rules 2022 in India","https://blog.ewastekochi.com/law-compliance/e-waste-rules-2022-in-india-an-operational-guide-for-organisations/","2026-07-13","EWaste Kochi Editorial Desk","false","true","3","publishable-after-editorial-review"
"law-compliance-02","Extended Producer Responsibility in India: An Operational Guide for Organisations","extended-producer-responsibility-in-india-an-operational-guide-for-organisations","E-Waste Law & Compliance","law-compliance","compliance","producers|business leaders","Kerala","regulated electronic equipment","1","Extended Producer Responsibility in India","https://blog.ewastekochi.com/law-compliance/extended-producer-responsibility-in-india-an-operational-guide-for-organisations/","2026-07-14","EWaste Kochi Editorial Desk","false","true","3","publishable-after-editorial-review"
"law-compliance-03","CPCB Registration in India: An Operational Guide for Organisations","cpcb-registration-in-india-an-operational-guide-for-organisations","E-Waste Law & Compliance","law-compliance","compliance","producers|business leaders","Kerala","regulated electronic equipment","1","CPCB Registration in India","https://blog.ewastekochi.com/law-compliance/cpcb-registration-in-india-an-operational-guide-for-organisations/","2026-07-15","EWaste Kochi Editorial Desk","false","true","3","publishable-after-editorial-review"
"law-compliance-04","Recycler Authorisation in India: An Operational Guide for Organisations","recycler-authorisation-in-india-an-operational-guide-for-organisations","E-Waste Law & Compliance","law-compliance","compliance","producers|business leaders","Kerala","regulated electronic equipment","2","Recycler Authorisation in India","https://blog.ewastekochi.com/law-compliance/recycler-authorisation-in-india-an-operational-guide-for-organisations/","2026-07-16","EWaste Kochi Editorial Desk","false","true","3","publishable-after-editorial-review"
"law-compliance-05","Bulk Consumer Records in India: An Operational Guide for Organisations","bulk-consumer-records-in-india-an-operational-guide-for-organisations","E-Waste Law & Compliance","law-compliance","compliance","producers|business leaders","Kerala","regulated electronic equipment","2","Bulk Consumer Records in India","https://blog.ewastekochi.com/law-compliance/bulk-consumer-records-in-india-an-operational-guide-for-organisations/","2026-07-17","EWaste Kochi Editorial Desk","false","true","3","publishable-after-editorial-review"
"law-compliance-06","E-Waste Returns in India: An Operational Guide for Organisations","e-waste-returns-in-india-an-operational-guide-for-organisations","E-Waste Law & Compliance","law-compliance","compliance","producers|business leaders","Kerala","regulated electronic equipment","2","E-Waste Returns in India","https://blog.ewastekochi.com/law-compliance/e-waste-returns-in-india-an-operational-guide-for-organisations/","2026-07-18","EWaste Kochi Editorial Desk","false","true","3","publishable-after-editorial-review"
"law-compliance-07","Producer Responsibility in India: An Operational Guide for Organisations","producer-responsibility-in-india-an-operational-guide-for-organisations","E-Waste Law & Compliance","law-compliance","compliance","producers|business leaders","Kerala","regulated electronic equipment","2","Producer Responsibility in India","https://blog.ewastekochi.com/law-compliance/producer-responsibility-in-india-an-operational-guide-for-organisations/","2026-07-19","EWaste Kochi Editorial Desk","false","true","3","publishable-after-editorial-review"
"law-compliance-08","Refurbisher Records in India: An Operational Guide for Organisations","refurbisher-records-in-india-an-operational-guide-for-organisations","E-Waste Law & Compliance","law-compliance","compliance","producers|business leaders","Kerala","regulated electronic equipment","3","Refurbisher Records in India","https://blog.ewastekochi.com/law-compliance/refurbisher-records-in-india-an-operational-guide-for-organisations/","2026-07-20","EWaste Kochi Editorial Desk","false","true","3","publishable-after-editorial-review"
"law-compliance-09","Cross-State Movement in India: An Operational Guide for Organisations","cross-state-movement-in-india-an-operational-guide-for-organisations","E-Waste Law & Compliance","law-compliance","compliance","producers|business leaders","Kerala","regulated electronic equipment","3","Cross-State Movement in India","https://blog.ewastekochi.com/law-compliance/cross-state-movement-in-india-an-operational-guide-for-organisations/","2026-07-21","EWaste Kochi Editorial Desk","false","true","3","publishable-after-editorial-review"
"law-compliance-10","Vendor Due Diligence in India: An Operational Guide for Organisations","vendor-due-diligence-in-india-an-operational-guide-for-organisations","E-Waste Law & Compliance","law-compliance","compliance","producers|business leaders","Kerala","regulated electronic equipment","3","Vendor Due Diligence in India","https://blog.ewastekochi.com/law-compliance/vendor-due-diligence-in-india-an-operational-guide-for-organisations/","2026-07-22","EWaste Kochi Editorial Desk","false","true","3","publishable-after-editorial-review"
"scrap-value-01","Laptop Scrap Value in Kochi: What Actually Changes the Quote","laptop-scrap-value-in-kochi-what-actually-changes-the-quote","Scrap Value & Reuse","scrap-value","commercial","device owners|asset managers","Kerala","Laptop","1","Laptop Scrap Value in Kochi","https://blog.ewastekochi.com/scrap-value/laptop-scrap-value-in-kochi-what-actually-changes-the-quote/","2026-07-23","EWaste Kochi Editorial Desk","false","false","1","publishable-after-editorial-review"
"scrap-value-02","Desktop Scrap Value in Kochi: What Actually Changes the Quote","desktop-scrap-value-in-kochi-what-actually-changes-the-quote","Scrap Value & Reuse","scrap-value","commercial","device owners|asset managers","Kerala","Desktop","1","Desktop Scrap Value in Kochi","https://blog.ewastekochi.com/scrap-value/desktop-scrap-value-in-kochi-what-actually-changes-the-quote/","2026-07-24","EWaste Kochi Editorial Desk","false","false","1","publishable-after-editorial-review"
"scrap-value-03","Server Scrap Value in Kochi: What Actually Changes the Quote","server-scrap-value-in-kochi-what-actually-changes-the-quote","Scrap Value & Reuse","scrap-value","commercial","device owners|asset managers","Kerala","Server","1","Server Scrap Value in Kochi","https://blog.ewastekochi.com/scrap-value/server-scrap-value-in-kochi-what-actually-changes-the-quote/","2026-07-01","EWaste Kochi Editorial Desk","false","false","1","publishable-after-editorial-review"
"scrap-value-04","Smartphone Scrap Value in Kochi: What Actually Changes the Quote","smartphone-scrap-value-in-kochi-what-actually-changes-the-quote","Scrap Value & Reuse","scrap-value","commercial","device owners|asset managers","Kerala","Smartphone","2","Smartphone Scrap Value in Kochi","https://blog.ewastekochi.com/scrap-value/smartphone-scrap-value-in-kochi-what-actually-changes-the-quote/","2026-07-02","EWaste Kochi Editorial Desk","false","false","1","publishable-after-editorial-review"
"scrap-value-05","Circuit Board Scrap Value in Kochi: What Actually Changes the Quote","circuit-board-scrap-value-in-kochi-what-actually-changes-the-quote","Scrap Value & Reuse","scrap-value","commercial","device owners|asset managers","Kerala","Circuit Board","2","Circuit Board Scrap Value in Kochi","https://blog.ewastekochi.com/scrap-value/circuit-board-scrap-value-in-kochi-what-actually-changes-the-quote/","2026-07-03","EWaste Kochi Editorial Desk","false","false","1","publishable-after-editorial-review"
"scrap-value-06","Copper Cable Scrap Value in Kochi: What Actually Changes the Quote","copper-cable-scrap-value-in-kochi-what-actually-changes-the-quote","Scrap Value & Reuse","scrap-value","commercial","device owners|asset managers","Kerala","Copper Cable","2","Copper Cable Scrap Value in Kochi","https://blog.ewastekochi.com/scrap-value/copper-cable-scrap-value-in-kochi-what-actually-changes-the-quote/","2026-07-04","EWaste Kochi Editorial Desk","false","false","1","publishable-after-editorial-review"
"scrap-value-07","Monitor Scrap Value in Kochi: What Actually Changes the Quote","monitor-scrap-value-in-kochi-what-actually-changes-the-quote","Scrap Value & Reuse","scrap-value","commercial","device owners|asset managers","Kerala","Monitor","2","Monitor Scrap Value in Kochi","https://blog.ewastekochi.com/scrap-value/monitor-scrap-value-in-kochi-what-actually-changes-the-quote/","2026-07-05","EWaste Kochi Editorial Desk","false","false","1","publishable-after-editorial-review"
"scrap-value-08","Printer Scrap Value in Kochi: What Actually Changes the Quote","printer-scrap-value-in-kochi-what-actually-changes-the-quote","Scrap Value & Reuse","scrap-value","commercial","device owners|asset managers","Kerala","Printer","3","Printer Scrap Value in Kochi","https://blog.ewastekochi.com/scrap-value/printer-scrap-value-in-kochi-what-actually-changes-the-quote/","2026-07-06","EWaste Kochi Editorial Desk","false","false","1","publishable-after-editorial-review"
"scrap-value-09","Network Switch Scrap Value in Kochi: What Actually Changes the Quote","network-switch-scrap-value-in-kochi-what-actually-changes-the-quote","Scrap Value & Reuse","scrap-value","commercial","device owners|asset managers","Kerala","Network Switch","3","Network Switch Scrap Value in Kochi","https://blog.ewastekochi.com/scrap-value/network-switch-scrap-value-in-kochi-what-actually-changes-the-quote/","2026-07-07","EWaste Kochi Editorial Desk","false","false","1","publishable-after-editorial-review"
"scrap-value-10","Office Electronics Lot Scrap Value in Kochi: What Actually Changes the Quote","office-electronics-lot-scrap-value-in-kochi-what-actually-changes-the-quote","Scrap Value & Reuse","scrap-value","commercial","device owners|asset managers","Kerala","Office Electronics Lot","3","Office Electronics Lot Scrap Value in Kochi","https://blog.ewastekochi.com/scrap-value/office-electronics-lot-scrap-value-in-kochi-what-actually-changes-the-quote/","2026-07-08","EWaste Kochi Editorial Desk","false","false","1","publishable-after-editorial-review"
"circular-economy-01","Electronics Reuse: A Practical Circular Electronics Framework","electronics-reuse-a-practical-circular-electronics-framework","Circular Economy & ESG","circular-economy","informational","sustainability teams|executives","Kerala","electronics portfolio","1","Electronics Reuse","https://blog.ewastekochi.com/circular-economy/electronics-reuse-a-practical-circular-electronics-framework/","2026-07-09","EWaste Kochi Editorial Desk","false","false","2","publishable-after-editorial-review"
"circular-economy-02","Repair Before Recycling: A Practical Circular Electronics Framework","repair-before-recycling-a-practical-circular-electronics-framework","Circular Economy & ESG","circular-economy","informational","sustainability teams|executives","Kerala","electronics portfolio","1","Repair Before Recycling","https://blog.ewastekochi.com/circular-economy/repair-before-recycling-a-practical-circular-electronics-framework/","2026-07-10","EWaste Kochi Editorial Desk","false","false","2","publishable-after-editorial-review"
"circular-economy-03","Zero-Landfill Claims: A Practical Circular Electronics Framework","zero-landfill-claims-a-practical-circular-electronics-framework","Circular Economy & ESG","circular-economy","informational","sustainability teams|executives","Kerala","electronics portfolio","1","Zero-Landfill Claims","https://blog.ewastekochi.com/circular-economy/zero-landfill-claims-a-practical-circular-electronics-framework/","2026-07-11","EWaste Kochi Editorial Desk","false","false","2","publishable-after-editorial-review"
"circular-economy-04","ESG E-Waste Reporting: A Practical Circular Electronics Framework","esg-e-waste-reporting-a-practical-circular-electronics-framework","Circular Economy & ESG","circular-economy","informational","sustainability teams|executives","Kerala","electronics portfolio","2","ESG E-Waste Reporting","https://blog.ewastekochi.com/circular-economy/esg-e-waste-reporting-a-practical-circular-electronics-framework/","2026-07-12","EWaste Kochi Editorial Desk","false","false","2","publishable-after-editorial-review"
"circular-economy-05","Carbon Claims: A Practical Circular Electronics Framework","carbon-claims-a-practical-circular-electronics-framework","Circular Economy & ESG","circular-economy","informational","sustainability teams|executives","Kerala","electronics portfolio","2","Carbon Claims","https://blog.ewastekochi.com/circular-economy/carbon-claims-a-practical-circular-electronics-framework/","2026-07-13","EWaste Kochi Editorial Desk","false","false","2","publishable-after-editorial-review"
"circular-economy-06","Circular Procurement: A Practical Circular Electronics Framework","circular-procurement-a-practical-circular-electronics-framework","Circular Economy & ESG","circular-economy","informational","sustainability teams|executives","Kerala","electronics portfolio","2","Circular Procurement","https://blog.ewastekochi.com/circular-economy/circular-procurement-a-practical-circular-electronics-framework/","2026-07-14","EWaste Kochi Editorial Desk","false","false","2","publishable-after-editorial-review"
"circular-economy-07","Device Life Extension: A Practical Circular Electronics Framework","device-life-extension-a-practical-circular-electronics-framework","Circular Economy & ESG","circular-economy","informational","sustainability teams|executives","Kerala","electronics portfolio","2","Device Life Extension","https://blog.ewastekochi.com/circular-economy/device-life-extension-a-practical-circular-electronics-framework/","2026-07-15","EWaste Kochi Editorial Desk","false","false","2","publishable-after-editorial-review"
"circular-economy-08","Refurbished IT Buying: A Practical Circular Electronics Framework","refurbished-it-buying-a-practical-circular-electronics-framework","Circular Economy & ESG","circular-economy","informational","sustainability teams|executives","Kerala","electronics portfolio","3","Refurbished IT Buying","https://blog.ewastekochi.com/circular-economy/refurbished-it-buying-a-practical-circular-electronics-framework/","2026-07-16","EWaste Kochi Editorial Desk","false","false","2","publishable-after-editorial-review"
"circular-economy-09","Material Recovery: A Practical Circular Electronics Framework","material-recovery-a-practical-circular-electronics-framework","Circular Economy & ESG","circular-economy","informational","sustainability teams|executives","Kerala","electronics portfolio","3","Material Recovery","https://blog.ewastekochi.com/circular-economy/material-recovery-a-practical-circular-electronics-framework/","2026-07-17","EWaste Kochi Editorial Desk","false","false","2","publishable-after-editorial-review"
"circular-economy-10","Responsible Exit Policy: A Practical Circular Electronics Framework","responsible-exit-policy-a-practical-circular-electronics-framework","Circular Economy & ESG","circular-economy","informational","sustainability teams|executives","Kerala","electronics portfolio","3","Responsible Exit Policy","https://blog.ewastekochi.com/circular-economy/responsible-exit-policy-a-practical-circular-electronics-framework/","2026-07-18","EWaste Kochi Editorial Desk","false","false","2","publishable-after-editorial-review"
"recycling-technology-01","AI Waste Sorting for Electronics: Capabilities, Limits and Kerala Relevance","ai-waste-sorting-for-electronics-capabilities-limits-and-kerala-relevance","Recycling Technology","recycling-technology","informational","engineers|sustainability teams","Kerala","electronic waste stream","1","AI Waste Sorting for Electronics","https://blog.ewastekochi.com/recycling-technology/ai-waste-sorting-for-electronics-capabilities-limits-and-kerala-relevance/","2026-07-19","EWaste Kochi Editorial Desk","false","false","2","publishable-after-editorial-review"
"recycling-technology-02","Robotic Disassembly for Electronics: Capabilities, Limits and Kerala Relevance","robotic-disassembly-for-electronics-capabilities-limits-and-kerala-relevance","Recycling Technology","recycling-technology","informational","engineers|sustainability teams","Kerala","electronic waste stream","1","Robotic Disassembly for Electronics","https://blog.ewastekochi.com/recycling-technology/robotic-disassembly-for-electronics-capabilities-limits-and-kerala-relevance/","2026-07-20","EWaste Kochi Editorial Desk","false","false","2","publishable-after-editorial-review"
"recycling-technology-03","Urban Mining for Electronics: Capabilities, Limits and Kerala Relevance","urban-mining-for-electronics-capabilities-limits-and-kerala-relevance","Recycling Technology","recycling-technology","informational","engineers|sustainability teams","Kerala","electronic waste stream","1","Urban Mining for Electronics","https://blog.ewastekochi.com/recycling-technology/urban-mining-for-electronics-capabilities-limits-and-kerala-relevance/","2026-07-21","EWaste Kochi Editorial Desk","false","false","2","publishable-after-editorial-review"
"recycling-technology-04","Precious Metal Recovery for Electronics: Capabilities, Limits and Kerala Relevance","precious-metal-recovery-for-electronics-capabilities-limits-and-kerala-relevance","Recycling Technology","recycling-technology","informational","engineers|sustainability teams","Kerala","electronic waste stream","2","Precious Metal Recovery for Electronics","https://blog.ewastekochi.com/recycling-technology/precious-metal-recovery-for-electronics-capabilities-limits-and-kerala-relevance/","2026-07-22","EWaste Kochi Editorial Desk","false","false","2","publishable-after-editorial-review"
"recycling-technology-05","Battery Diagnostics for Electronics: Capabilities, Limits and Kerala Relevance","battery-diagnostics-for-electronics-capabilities-limits-and-kerala-relevance","Recycling Technology","recycling-technology","informational","engineers|sustainability teams","Kerala","electronic waste stream","2","Battery Diagnostics for Electronics","https://blog.ewastekochi.com/recycling-technology/battery-diagnostics-for-electronics-capabilities-limits-and-kerala-relevance/","2026-07-23","EWaste Kochi Editorial Desk","false","false","2","publishable-after-editorial-review"
"recycling-technology-06","X-Ray Sorting for Electronics: Capabilities, Limits and Kerala Relevance","x-ray-sorting-for-electronics-capabilities-limits-and-kerala-relevance","Recycling Technology","recycling-technology","informational","engineers|sustainability teams","Kerala","electronic waste stream","2","X-Ray Sorting for Electronics","https://blog.ewastekochi.com/recycling-technology/x-ray-sorting-for-electronics-capabilities-limits-and-kerala-relevance/","2026-07-24","EWaste Kochi Editorial Desk","false","false","2","publishable-after-editorial-review"
"recycling-technology-07","Hydrometallurgy for Electronics: Capabilities, Limits and Kerala Relevance","hydrometallurgy-for-electronics-capabilities-limits-and-kerala-relevance","Recycling Technology","recycling-technology","informational","engineers|sustainability teams","Kerala","electronic waste stream","2","Hydrometallurgy for Electronics","https://blog.ewastekochi.com/recycling-technology/hydrometallurgy-for-electronics-capabilities-limits-and-kerala-relevance/","2026-07-01","EWaste Kochi Editorial Desk","false","false","2","publishable-after-editorial-review"
"recycling-technology-08","Mechanical Separation for Electronics: Capabilities, Limits and Kerala Relevance","mechanical-separation-for-electronics-capabilities-limits-and-kerala-relevance","Recycling Technology","recycling-technology","informational","engineers|sustainability teams","Kerala","electronic waste stream","3","Mechanical Separation for Electronics","https://blog.ewastekochi.com/recycling-technology/mechanical-separation-for-electronics-capabilities-limits-and-kerala-relevance/","2026-07-02","EWaste Kochi Editorial Desk","false","false","2","publishable-after-editorial-review"
"recycling-technology-09","Digital Product Passports for Electronics: Capabilities, Limits and Kerala Relevance","digital-product-passports-for-electronics-capabilities-limits-and-kerala-relevance","Recycling Technology","recycling-technology","informational","engineers|sustainability teams","Kerala","electronic waste stream","3","Digital Product Passports for Electronics","https://blog.ewastekochi.com/recycling-technology/digital-product-passports-for-electronics-capabilities-limits-and-kerala-relevance/","2026-07-03","EWaste Kochi Editorial Desk","false","false","2","publishable-after-editorial-review"
"recycling-technology-10","GPU Lifecycle Management for Electronics: Capabilities, Limits and Kerala Relevance","gpu-lifecycle-management-for-electronics-capabilities-limits-and-kerala-relevance","Recycling Technology","recycling-technology","informational","engineers|sustainability teams","Kerala","electronic waste stream","3","GPU Lifecycle Management for Electronics","https://blog.ewastekochi.com/recycling-technology/gpu-lifecycle-management-for-electronics-capabilities-limits-and-kerala-relevance/","2026-07-04","EWaste Kochi Editorial Desk","false","false","2","publishable-after-editorial-review"