path,url,title,type,language,indexable,in_sitemap,in_content_index,in_ai_sitemap,in_llms,redirect_source
/,https://www.ewastekochi.com/,"E-Waste Recycling Kochi | Free Pickup for Electronics, Batteries & IT Scrap",core,en-IN,true,true,true,true,true,true
/about/,https://www.ewastekochi.com/about/,About Ewaste Kochi | E-Waste Recycling & ITAD in Kerala,core,en-IN,true,true,true,true,true,false
/battery-recycling/,https://www.ewastekochi.com/battery-recycling/,"Battery Recycling in Kochi | UPS, Inverter & Lithium Pickup",service,en-IN,true,true,true,true,true,false
/blog/,https://www.ewastekochi.com/blog/,"E-Waste Recycling Blog Kochi | Pickup, Scrap Price, Battery & ITAD Guides",blog,en-IN,true,true,true,true,true,false
/blog/ac-scrap-price-kerala/,https://www.ewastekochi.com/blog/ac-scrap-price-kerala/,AC Scrap Price Kerala | Ewaste Kochi Indexed Guide,blog,en-IN,true,true,true,true,false,false
/blog/affordable-it-asset-disposition-in-kalamassery-complete-pricing-kalamassery/,https://www.ewastekochi.com/blog/affordable-it-asset-disposition-in-kalamassery-complete-pricing-kalamassery/,Affordable IT Asset Disposition IN Kalamassery Complete Pricing Kalamassery | Ewaste Kochi Indexed Guide,blog,en-IN,true,true,true,true,false,false
/blog/battery-disposal-india/,https://www.ewastekochi.com/blog/battery-disposal-india/,Battery Disposal India | Ewaste Kochi Indexed Guide,blog,en-IN,true,true,true,true,false,false
/blog/battery-disposal-safety-checklist-kochi/,https://www.ewastekochi.com/blog/battery-disposal-safety-checklist-kochi/,Battery Disposal Safety Checklist Kochi | Ewaste Kochi Indexed Guide,blog,en-IN,true,true,true,true,false,false
/blog/battery-recycling-during-monsoon-kochi/,https://www.ewastekochi.com/blog/battery-recycling-during-monsoon-kochi/,Battery Recycling During Monsoon Kochi | Ewaste Kochi Indexed Guide,blog,en-IN,true,true,true,true,false,false
/blog/battery-recycling-near-me-kochi/,https://www.ewastekochi.com/blog/battery-recycling-near-me-kochi/,"Battery Recycling Near Me in Kochi | Safe UPS, Inverter & Lithium Battery Guide",blog,en-IN,true,true,true,true,true,false
/blog/battery-recycling-options-in-kochi-which-to-choose-kochi/,https://www.ewastekochi.com/blog/battery-recycling-options-in-kochi-which-to-choose-kochi/,Battery Recycling Options IN Kochi Which TO Choose Kochi | Ewaste Kochi Indexed Guide,blog,en-IN,true,true,true,true,false,false
/blog/battery-recycling/,https://www.ewastekochi.com/blog/battery-recycling/,"Battery Recycling Guide Kochi | UPS, Inverter, Laptop & Lithium Batteries",blog,en-IN,true,true,true,true,true,false
/blog/best-e-waste-recycling-kochi/,https://www.ewastekochi.com/blog/best-e-waste-recycling-kochi/,E Waste Recycling Kochi | Ewaste Kochi Indexed Guide,blog,en-IN,true,true,true,true,false,false
/blog/best-scrap-dealers-kochi-electronics/,https://www.ewastekochi.com/blog/best-scrap-dealers-kochi-electronics/,Scrap Dealers Kochi Electronics | Ewaste Kochi Indexed Guide,blog,en-IN,true,true,true,true,false,false
/blog/best-way-to-e-waste-collection-in-ernakulam-2026-ernakulam/,https://www.ewastekochi.com/blog/best-way-to-e-waste-collection-in-ernakulam-2026-ernakulam/,WAY TO E Waste Collection IN Ernakulam Ernakulam 2026 | Ewaste Kochi Indexed Guide,blog,en-IN,true,true,true,true,false,false
/blog/bulk-e-waste-disposal-kochi/,https://www.ewastekochi.com/blog/bulk-e-waste-disposal-kochi/,Bulk E Waste Disposal Kochi | Ewaste Kochi Indexed Guide,blog,en-IN,true,true,true,true,false,false
/blog/computer-scrap-dealers-kochi/,https://www.ewastekochi.com/blog/computer-scrap-dealers-kochi/,Computer Scrap Dealers Kochi | Ewaste Kochi Indexed Guide,blog,en-IN,true,true,true,true,false,false
/blog/corporate-data-destruction-services/,https://www.ewastekochi.com/blog/corporate-data-destruction-services/,Corporate Data Destruction Services | Ewaste Kochi Indexed Guide,blog,en-IN,true,true,true,true,false,false
/blog/corporate-e-waste-collection-solutions-in-vyttila-vyttila/,https://www.ewastekochi.com/blog/corporate-e-waste-collection-solutions-in-vyttila-vyttila/,Corporate E Waste Collection Solutions IN Vyttila Vyttila | Ewaste Kochi Indexed Guide,blog,en-IN,true,true,true,true,false,false
/blog/corporate-ewaste-compliance-90-day-checklist/,https://www.ewastekochi.com/blog/corporate-ewaste-compliance-90-day-checklist/,Corporate Ewaste Compliance DAY Checklist Legacy Ref 90 | Ewaste Kochi Indexed Guide,blog,en-IN,true,true,true,true,false,false
/blog/corporate-ewaste-pickup-kochi/,https://www.ewastekochi.com/blog/corporate-ewaste-pickup-kochi/,Corporate E-Waste Pickup in Kochi | Office IT Scrap & ITAD Checklist,blog,en-IN,true,true,true,true,true,false
/blog/corporate-ewaste/,https://www.ewastekochi.com/blog/corporate-ewaste/,"Corporate E-Waste Guide Kochi | Office IT Scrap, Pickup & ITAD",blog,en-IN,true,true,true,true,true,false
/blog/cost-of-data-destruction-in-edappally-2/,https://www.ewastekochi.com/blog/cost-of-data-destruction-in-edappally-2/,Cost OF Data Destruction IN Edappally Legacy Ref 2 | Ewaste Kochi Indexed Guide,blog,en-IN,true,true,true,true,false,false
/blog/data-destruction-kochi-guide/,https://www.ewastekochi.com/blog/data-destruction-kochi-guide/,"Data Destruction in Kochi | Hard Drive, Laptop & Business ITAD Guide",blog,en-IN,true,true,true,true,true,false
/blog/data-destruction/,https://www.ewastekochi.com/blog/data-destruction/,"Data Destruction Guide Kochi | Drives, Laptops, Servers & ITAD",blog,en-IN,true,true,true,true,true,false
/blog/data-security-disposal-checklist-kochi/,https://www.ewastekochi.com/blog/data-security-disposal-checklist-kochi/,Data Security Disposal Checklist Kochi | Ewaste Kochi Indexed Guide,blog,en-IN,true,true,true,true,false,false
/blog/dpdp-act-2023-it-disposal-compliance/,https://www.ewastekochi.com/blog/dpdp-act-2023-it-disposal-compliance/,Dpdp ACT IT Disposal Compliance 2023 | Ewaste Kochi Indexed Guide,blog,en-IN,true,true,true,true,false,false
/blog/e-waste-collection-near-me-kochi/,https://www.ewastekochi.com/blog/e-waste-collection-near-me-kochi/,E Waste Collection Near ME Kochi | Ewaste Kochi Indexed Guide,blog,en-IN,true,true,true,true,false,false
/blog/e-waste-collection-near-me/,https://www.ewastekochi.com/blog/e-waste-collection-near-me/,E-Waste Collection Near Me: How to Choose a Safe Recycler,blog,en-IN,true,true,true,true,true,false
/blog/e-waste-collection-problems-kalamassery/,https://www.ewastekochi.com/blog/e-waste-collection-problems-kalamassery/,E Waste Collection Problems Kalamassery | Ewaste Kochi Indexed Guide,blog,en-IN,true,true,true,true,false,false
/blog/e-waste-examples/,https://www.ewastekochi.com/blog/e-waste-examples/,E-Waste Examples: Common Electronic Items You Should Recycle,blog,en-IN,true,true,true,true,true,false
/blog/e-waste-laws-in-kalamassery-complete-guide-kalamassery-3-3/,https://www.ewastekochi.com/blog/e-waste-laws-in-kalamassery-complete-guide-kalamassery-3-3/,E Waste Laws IN Kalamassery Complete Guide Kalamassery Legacy Ref 3 | Ewaste Kochi Indexed Guide,blog,en-IN,true,true,true,true,false,false
/blog/e-waste-laws-in-kochi-complete-guide-kochi-1/,https://www.ewastekochi.com/blog/e-waste-laws-in-kochi-complete-guide-kochi-1/,E Waste Laws IN Kochi Complete Guide Kochi Legacy Ref 1 | Ewaste Kochi Indexed Guide,blog,en-IN,true,true,true,true,false,false
/blog/e-waste-laws-in-north-paravur-complete-guide-north-paravur/,https://www.ewastekochi.com/blog/e-waste-laws-in-north-paravur-complete-guide-north-paravur/,E Waste Laws IN North Paravur Complete Guide North Paravur | Ewaste Kochi Indexed Guide,blog,en-IN,true,true,true,true,false,false
/blog/e-waste-management-it-companies/,https://www.ewastekochi.com/blog/e-waste-management-it-companies/,E Waste Management IT Companies | Ewaste Kochi Indexed Guide,blog,en-IN,true,true,true,true,false,false
/blog/e-waste-management-rules-2022/,https://www.ewastekochi.com/blog/e-waste-management-rules-2022/,E-Waste Management Rules 2022: A Simple Guide for Businesses,blog,en-IN,true,true,true,true,true,false
/blog/e-waste-recycling-kakkanad-kochi/,https://www.ewastekochi.com/blog/e-waste-recycling-kakkanad-kochi/,E Waste Recycling Kakkanad Kochi | Ewaste Kochi Indexed Guide,blog,en-IN,true,true,true,true,false,false
/blog/e-waste-recycling-kalamassery-kochi/,https://www.ewastekochi.com/blog/e-waste-recycling-kalamassery-kochi/,E Waste Recycling Kalamassery Kochi | Ewaste Kochi Indexed Guide,blog,en-IN,true,true,true,true,false,false
/blog/e-waste-recycling-process/,https://www.ewastekochi.com/blog/e-waste-recycling-process/,E Waste Recycling Process | Ewaste Kochi Indexed Guide,blog,en-IN,true,true,true,true,false,false
/blog/e-waste-rules-2022-compliance-checklist-kochi/,https://www.ewastekochi.com/blog/e-waste-rules-2022-compliance-checklist-kochi/,E Waste Rules Compliance Checklist Kochi 2022 | Ewaste Kochi Indexed Guide,blog,en-IN,true,true,true,true,false,false
/blog/economic-benefits-of-data-destruction-in-ernakulam-ernakulam/,https://www.ewastekochi.com/blog/economic-benefits-of-data-destruction-in-ernakulam-ernakulam/,Economic Benefits OF Data Destruction IN Ernakulam Ernakulam | Ewaste Kochi Indexed Guide,blog,en-IN,true,true,true,true,false,false
/blog/economic-benefits-of-e-waste-collection-in-kalamassery-kalamassery/,https://www.ewastekochi.com/blog/economic-benefits-of-e-waste-collection-in-kalamassery-kalamassery/,Economic Benefits OF E Waste Collection IN Kalamassery Kalamassery | Ewaste Kochi Indexed Guide,blog,en-IN,true,true,true,true,false,false
/blog/electronic-waste-collection-near-me-kochi/,https://www.ewastekochi.com/blog/electronic-waste-collection-near-me-kochi/,Electronic Waste Collection Near ME Kochi | Ewaste Kochi Indexed Guide,blog,en-IN,true,true,true,true,false,false
/blog/electronic-waste-disposal-kerala/,https://www.ewastekochi.com/blog/electronic-waste-disposal-kerala/,Electronic Waste Disposal Kerala | Ewaste Kochi Indexed Guide,blog,en-IN,true,true,true,true,false,false
/blog/enterprise-monitor-recycling-in-angamaly-angamaly/,https://www.ewastekochi.com/blog/enterprise-monitor-recycling-in-angamaly-angamaly/,Enterprise Monitor Recycling IN Angamaly Angamaly | Ewaste Kochi Indexed Guide,blog,en-IN,true,true,true,true,false,false
/blog/environmental-impact-ewaste/,https://www.ewastekochi.com/blog/environmental-impact-ewaste/,Environmental Impact Ewaste | Ewaste Kochi Indexed Guide,blog,en-IN,true,true,true,true,false,false
/blog/epr-compliance-checklist-india-kochi/,https://www.ewastekochi.com/blog/epr-compliance-checklist-india-kochi/,EPR Compliance Checklist India Kochi | Ewaste Kochi Indexed Guide,blog,en-IN,true,true,true,true,false,false
/blog/esg-ewaste-reporting-template-kochi/,https://www.ewastekochi.com/blog/esg-ewaste-reporting-template-kochi/,ESG Ewaste Reporting Template Kochi | Ewaste Kochi Indexed Guide,blog,en-IN,true,true,true,true,false,false
/blog/ewaste-business-startup-cost-calculator/,https://www.ewastekochi.com/blog/ewaste-business-startup-cost-calculator/,Ewaste Business Startup Cost Calculator | Ewaste Kochi Indexed Guide,blog,en-IN,true,true,true,true,false,false
/blog/ewaste-pickup-near-me/,https://www.ewastekochi.com/blog/ewaste-pickup-near-me/,E-Waste Pickup Near Me in Kochi | Doorstep Collection Guide,blog,en-IN,true,true,true,true,true,false
/blog/ewaste-recycling-vs-reuse/,https://www.ewastekochi.com/blog/ewaste-recycling-vs-reuse/,E-Waste Recycling vs Reuse | Which Is Better for Old Electronics?,blog,en-IN,true,true,true,true,true,false
/blog/free-e-waste-pickup-kochi/,https://www.ewastekochi.com/blog/free-e-waste-pickup-kochi/,"Free E-Waste Pickup in Kochi | Areas, Items & What to Prepare",blog,en-IN,true,true,true,true,true,false
/blog/free-laptop-recycling-kochi/,https://www.ewastekochi.com/blog/free-laptop-recycling-kochi/,Laptop Recycling Kochi | Ewaste Kochi Indexed Guide,blog,en-IN,true,true,true,true,false,false
/blog/hard-drive-destruction-certificate-template/,https://www.ewastekochi.com/blog/hard-drive-destruction-certificate-template/,Hard Drive Destruction Certificate Template | Ewaste Kochi Indexed Guide,blog,en-IN,true,true,true,true,false,false
/blog/hard-drive-shredding-kochi/,https://www.ewastekochi.com/blog/hard-drive-shredding-kochi/,Hard Drive Shredding Kochi | Ewaste Kochi Indexed Guide,blog,en-IN,true,true,true,true,false,false
/blog/hdd-vs-ssd-destruction/,https://www.ewastekochi.com/blog/hdd-vs-ssd-destruction/,HDD VS SSD Destruction | Ewaste Kochi Indexed Guide,blog,en-IN,true,true,true,true,false,false
/blog/how-destroy-hard-disk-data/,https://www.ewastekochi.com/blog/how-destroy-hard-disk-data/,HOW Destroy Hard Disk Data | Ewaste Kochi Indexed Guide,blog,en-IN,true,true,true,true,false,false
/blog/how-ewaste-recycling-works/,https://www.ewastekochi.com/blog/how-ewaste-recycling-works/,How E-Waste Recycling Works Step by Step | Kochi Guide,blog,en-IN,true,true,true,true,true,false
/blog/how-ewaste-scrap-quotes-work-kochi/,https://www.ewastekochi.com/blog/how-ewaste-scrap-quotes-work-kochi/,How E-Waste Scrap Quotes Work in Kochi | Condition-Based Value Guide,blog,en-IN,true,true,true,true,true,false
/blog/how-responsible-ewaste-collection-works/,https://www.ewastekochi.com/blog/how-responsible-ewaste-collection-works/,How Responsible E-Waste Collection Works | Kochi Guide,blog,en-IN,true,true,true,true,true,false
/blog/how-to-book-ewaste-pickup-kochi/,https://www.ewastekochi.com/blog/how-to-book-ewaste-pickup-kochi/,How to Book an E-Waste Pickup in Kochi | Step-by-Step Guide,blog,en-IN,true,true,true,true,true,false
/blog/how-to-choose-itad-provider/,https://www.ewastekochi.com/blog/how-to-choose-itad-provider/,HOW TO Choose ITAD Provider | Ewaste Kochi Indexed Guide,blog,en-IN,true,true,true,true,false,false
/blog/how-to-e-waste-collection-in-kochi/,https://www.ewastekochi.com/blog/how-to-e-waste-collection-in-kochi/,HOW TO E Waste Collection IN Kochi | Ewaste Kochi Indexed Guide,blog,en-IN,true,true,true,true,false,false
/blog/how-to-prepare-electronics-for-recycling/,https://www.ewastekochi.com/blog/how-to-prepare-electronics-for-recycling/,How to Prepare Electronics Before Recycling | Kochi Checklist,blog,en-IN,true,true,true,true,true,false
/blog/how-to-sell-old-electronics-kochi/,https://www.ewastekochi.com/blog/how-to-sell-old-electronics-kochi/,"How to Sell Old Electronics in Kochi | Quote, Pickup & Safety Guide",blog,en-IN,true,true,true,true,true,false
/blog/it-asset-disposal-kochi/,https://www.ewastekochi.com/blog/it-asset-disposal-kochi/,IT Asset Disposal Kochi | Ewaste Kochi Indexed Guide,blog,en-IN,true,true,true,true,false,false
/blog/itad/,https://www.ewastekochi.com/blog/itad/,ITAD Guide Kochi | Corporate IT Asset Disposal & Recycling,blog,en-IN,true,true,true,true,true,false
/blog/itad/enterprise/affordable-itad-enterprise-tripunithura-115/,https://www.ewastekochi.com/blog/itad/enterprise/affordable-itad-enterprise-tripunithura-115/,Affordable ITAD Enterprise Tripunithura Legacy Ref 115 | Ewaste Kochi Indexed Guide,blog,en-IN,true,true,true,true,false,false
/blog/itad/enterprise/best-itad-enterprise-panampilly-nagar-188/,https://www.ewastekochi.com/blog/itad/enterprise/best-itad-enterprise-panampilly-nagar-188/,ITAD Enterprise Panampilly Nagar Legacy Ref 188 | Ewaste Kochi Indexed Guide,blog,en-IN,true,true,true,true,false,false
/blog/itad/enterprise/government-approved-itad-enterprise-cheranallur-24/,https://www.ewastekochi.com/blog/itad/enterprise/government-approved-itad-enterprise-cheranallur-24/,ITAD Enterprise Cheranallur Legacy Ref 24 | Ewaste Kochi Indexed Guide,blog,en-IN,true,true,true,true,false,false
/blog/itad/enterprise/government-approved-itad-enterprise-trivandrum-94/,https://www.ewastekochi.com/blog/itad/enterprise/government-approved-itad-enterprise-trivandrum-94/,ITAD Enterprise Trivandrum Legacy Ref 94 | Ewaste Kochi Indexed Guide,blog,en-IN,true,true,true,true,false,false
/blog/itad/enterprise/iso-certified-itad-enterprise-calicut-113/,https://www.ewastekochi.com/blog/itad/enterprise/iso-certified-itad-enterprise-calicut-113/,ITAD Enterprise Calicut Legacy Ref 113 | Ewaste Kochi Indexed Guide,blog,en-IN,true,true,true,true,false,false
/blog/itad/enterprise/professional-itad-enterprise-thevara-3/,https://www.ewastekochi.com/blog/itad/enterprise/professional-itad-enterprise-thevara-3/,Professional ITAD Enterprise Thevara Legacy Ref 3 | Ewaste Kochi Indexed Guide,blog,en-IN,true,true,true,true,false,false
/blog/itad/enterprise/safe-itad-enterprise-calicut-88/,https://www.ewastekochi.com/blog/itad/enterprise/safe-itad-enterprise-calicut-88/,Safe ITAD Enterprise Calicut Legacy Ref 88 | Ewaste Kochi Indexed Guide,blog,en-IN,true,true,true,true,false,false
/blog/itad/enterprise/top-itad-enterprise-mg-road-11/,https://www.ewastekochi.com/blog/itad/enterprise/top-itad-enterprise-mg-road-11/,ITAD Enterprise MG Road Legacy Ref 11 | Ewaste Kochi Indexed Guide,blog,en-IN,true,true,true,true,false,false
/blog/itad/enterprise/verified-itad-enterprise-infopark-151/,https://www.ewastekochi.com/blog/itad/enterprise/verified-itad-enterprise-infopark-151/,ITAD Enterprise Infopark Legacy Ref 151 | Ewaste Kochi Indexed Guide,blog,en-IN,true,true,true,true,false,false
/blog/itad/enterprise/verified-itad-enterprise-trivandrum-165/,https://www.ewastekochi.com/blog/itad/enterprise/verified-itad-enterprise-trivandrum-165/,ITAD Enterprise Trivandrum Legacy Ref 165 | Ewaste Kochi Indexed Guide,blog,en-IN,true,true,true,true,false,false
/blog/kspcb-regulations-for-e-waste-collection-in-kalamassery-kalamassery/,https://www.ewastekochi.com/blog/kspcb-regulations-for-e-waste-collection-in-kalamassery-kalamassery/,KSPCB Regulations FOR E Waste Collection IN Kalamassery Kalamassery | Ewaste Kochi Indexed Guide,blog,en-IN,true,true,true,true,false,false
/blog/laptop-computer-recycling/,https://www.ewastekochi.com/blog/laptop-computer-recycling/,"Laptop and Computer Recycling Kochi | Desktop, Monitor & IT Scrap Guide",blog,en-IN,true,true,true,true,true,false
/blog/laptop-data-wipe-checklist/,https://www.ewastekochi.com/blog/laptop-data-wipe-checklist/,Laptop Data Wipe Checklist | Ewaste Kochi Indexed Guide,blog,en-IN,true,true,true,true,false,false
/blog/laptop-recycling-kochi/,https://www.ewastekochi.com/blog/laptop-recycling-kochi/,"Laptop Recycling in Kochi | Pickup, Resale or Safe Disposal?",blog,en-IN,true,true,true,true,true,false
/blog/laptop-scrap-price-kochi-2026/,https://www.ewastekochi.com/blog/laptop-scrap-price-kochi-2026/,Laptop Scrap Price Kochi 2026 | Ewaste Kochi Indexed Guide,blog,en-IN,true,true,true,true,false,false
/blog/laptop-scrap-price-kochi/,https://www.ewastekochi.com/blog/laptop-scrap-price-kochi/,Laptop Scrap Price Kochi | Ewaste Kochi Indexed Guide,blog,en-IN,true,true,true,true,false,false
/blog/legal-requirements-for-it-asset-disposition-in-ernakulam-ernakulam/,https://www.ewastekochi.com/blog/legal-requirements-for-it-asset-disposition-in-ernakulam-ernakulam/,Legal Requirements FOR IT Asset Disposition IN Ernakulam Ernakulam | Ewaste Kochi Indexed Guide,blog,en-IN,true,true,true,true,false,false
/blog/mobile-phone-recycling-kochi/,https://www.ewastekochi.com/blog/mobile-phone-recycling-kochi/,Mobile Phone Recycling Kochi | Ewaste Kochi Indexed Guide,blog,en-IN,true,true,true,true,false,false
/blog/mobile-phone-recycling/,https://www.ewastekochi.com/blog/mobile-phone-recycling/,"Mobile Phone Recycling Kochi | Safe Disposal, Data Wipe & Pickup",blog,en-IN,true,true,true,true,true,false
/blog/mobile-scrap-price-kochi/,https://www.ewastekochi.com/blog/mobile-scrap-price-kochi/,Mobile Scrap Price Kochi | Ewaste Kochi Indexed Guide,blog,en-IN,true,true,true,true,false,false
/blog/nist-800-88-data-wiping/,https://www.ewastekochi.com/blog/nist-800-88-data-wiping/,NIST Data Wiping Legacy Ref 800 | Ewaste Kochi Indexed Guide,blog,en-IN,true,true,true,true,false,false
/blog/office-computer-recycling-kerala/,https://www.ewastekochi.com/blog/office-computer-recycling-kerala/,Office Computer Recycling Kerala | Ewaste Kochi Indexed Guide,blog,en-IN,true,true,true,true,false,false
/blog/old-electronic-buyers-near-me-kochi/,https://www.ewastekochi.com/blog/old-electronic-buyers-near-me-kochi/,OLD Electronic Buyers Near ME Kochi | Ewaste Kochi Indexed Guide,blog,en-IN,true,true,true,true,false,false
/blog/old-tv-disposal-kochi/,https://www.ewastekochi.com/blog/old-tv-disposal-kochi/,OLD TV Disposal Kochi | Ewaste Kochi Indexed Guide,blog,en-IN,true,true,true,true,false,false
/blog/pickup-service/,https://www.ewastekochi.com/blog/pickup-service/,E-Waste Pickup Service in Kochi | Doorstep Collection Guide,blog,en-IN,true,true,true,true,true,false
/blog/pillars/bulk-e-waste/,https://www.ewastekochi.com/blog/pillars/bulk-e-waste/,Bulk E Waste | Ewaste Kochi Indexed Guide,blog,en-IN,true,true,true,true,false,false
/blog/preparation-safety-guides/,https://www.ewastekochi.com/blog/preparation-safety-guides/,E-Waste Preparation and Safety Guide Kochi | Before Pickup Checklist,blog,en-IN,true,true,true,true,true,false
/blog/printer-peripheral-recycling/,https://www.ewastekochi.com/blog/printer-peripheral-recycling/,"Printer and Peripheral Recycling Kochi | Scanner, Cable & Office E-Waste",blog,en-IN,true,true,true,true,true,false
/blog/printer-recycling-kochi/,https://www.ewastekochi.com/blog/printer-recycling-kochi/,Printer Recycling Kochi | Ewaste Kochi Indexed Guide,blog,en-IN,true,true,true,true,false,false
/blog/printer-recycling-price-guide-for-north-paravur-north-paravur/,https://www.ewastekochi.com/blog/printer-recycling-price-guide-for-north-paravur-north-paravur/,Printer Recycling Price Guide FOR North Paravur North Paravur | Ewaste Kochi Indexed Guide,blog,en-IN,true,true,true,true,false,false
/blog/printer-recycling-problems-in-north-paravur-solutions-north-paravur/,https://www.ewastekochi.com/blog/printer-recycling-problems-in-north-paravur-solutions-north-paravur/,Printer Recycling Problems IN North Paravur Solutions North Paravur | Ewaste Kochi Indexed Guide,blog,en-IN,true,true,true,true,false,false
/blog/recycling-basics/,https://www.ewastekochi.com/blog/recycling-basics/,E-Waste Recycling Basics | What Is E-Waste & How to Recycle in Kochi,blog,en-IN,true,true,true,true,true,false
/blog/recycling-electronics-helps-kerala/,https://www.ewastekochi.com/blog/recycling-electronics-helps-kerala/,Recycling Electronics Helps Kerala | Ewaste Kochi Indexed Guide,blog,en-IN,true,true,true,true,false,false
/blog/recycling/enterprise/best-recycling-enterprise-kakkanad-9/,https://www.ewastekochi.com/blog/recycling/enterprise/best-recycling-enterprise-kakkanad-9/,Recycling Enterprise Kakkanad Legacy Ref 9 | Ewaste Kochi Indexed Guide,blog,en-IN,true,true,true,true,false,false
/blog/recycling/enterprise/fast-recycling-enterprise-mg-road-6/,https://www.ewastekochi.com/blog/recycling/enterprise/fast-recycling-enterprise-mg-road-6/,Fast Recycling Enterprise MG Road Legacy Ref 6 | Ewaste Kochi Indexed Guide,blog,en-IN,true,true,true,true,false,false
/blog/recycling/enterprise/trusted-recycling-enterprise-kaloor-8/,https://www.ewastekochi.com/blog/recycling/enterprise/trusted-recycling-enterprise-kaloor-8/,Trusted Recycling Enterprise Kaloor Legacy Ref 8 | Ewaste Kochi Indexed Guide,blog,en-IN,true,true,true,true,false,false
/blog/school-ewaste-drive-checklist/,https://www.ewastekochi.com/blog/school-ewaste-drive-checklist/,School Ewaste Drive Checklist | Ewaste Kochi Indexed Guide,blog,en-IN,true,true,true,true,false,false
/blog/scrap-price-guide/,https://www.ewastekochi.com/blog/scrap-price-guide/,E-Waste Scrap Price Guide Kochi | What Affects Your Quote,blog,en-IN,true,true,true,true,true,false
/blog/secure-data-destruction-kochi/,https://www.ewastekochi.com/blog/secure-data-destruction-kochi/,Secure Data Destruction Kochi | Ewaste Kochi Indexed Guide,blog,en-IN,true,true,true,true,false,false
/blog/sell-electronics/,https://www.ewastekochi.com/blog/sell-electronics/,"Sell Old Electronics in Kochi | Quote, Pickup & Safety Pillar Guide",blog,en-IN,true,true,true,true,true,false
/blog/sell-old-electronics-kochi/,https://www.ewastekochi.com/blog/sell-old-electronics-kochi/,"Sell Old Electronics in Kochi | Laptop, Computer, Phone & IT Scrap Quote Guide",blog,en-IN,true,true,true,true,true,false
/blog/sell-old-laptop-kochi/,https://www.ewastekochi.com/blog/sell-old-laptop-kochi/,Sell Old Laptop in Kochi | Condition Checklist & Quote Guide,blog,en-IN,true,true,true,true,true,false
/blog/server-scrap-price-kochi/,https://www.ewastekochi.com/blog/server-scrap-price-kochi/,Server Scrap Price Kochi | Ewaste Kochi Indexed Guide,blog,en-IN,true,true,true,true,false,false
/blog/server-scrap-value-india/,https://www.ewastekochi.com/blog/server-scrap-value-india/,Server Scrap Value India | Ewaste Kochi Indexed Guide,blog,en-IN,true,true,true,true,false,false
/blog/service-phone-buyback/,https://www.ewastekochi.com/blog/service-phone-buyback/,Service Phone Buyback | Ewaste Kochi Indexed Guide,blog,en-IN,true,true,true,true,false,false
/blog/topic-business/,https://www.ewastekochi.com/blog/topic-business/,Topic Business | Ewaste Kochi Indexed Guide,blog,en-IN,true,true,true,true,false,false
/blog/troubleshooting-server-recycling-in-kalamassery-kalamassery/,https://www.ewastekochi.com/blog/troubleshooting-server-recycling-in-kalamassery-kalamassery/,Troubleshooting Server Recycling IN Kalamassery Kalamassery | Ewaste Kochi Indexed Guide,blog,en-IN,true,true,true,true,false,false
/blog/tv-monitor-recycling/,https://www.ewastekochi.com/blog/tv-monitor-recycling/,"TV and Monitor Recycling Kochi | LED, LCD, CRT & Display Disposal",blog,en-IN,true,true,true,true,true,false
/blog/tv-recycling-kochi/,https://www.ewastekochi.com/blog/tv-recycling-kochi/,TV Recycling Kochi | Ewaste Kochi Indexed Guide,blog,en-IN,true,true,true,true,false,false
/blog/ultimate-guide-e-waste-recycling-kochi/,https://www.ewastekochi.com/blog/ultimate-guide-e-waste-recycling-kochi/,Ultimate Guide to E-Waste Recycling in Kochi | Ewaste Kochi,blog,en-IN,true,true,true,true,true,false
/blog/ups-battery-recycling-kochi/,https://www.ewastekochi.com/blog/ups-battery-recycling-kochi/,UPS Battery Recycling Kochi | Ewaste Kochi Indexed Guide,blog,en-IN,true,true,true,true,false,false
/blog/what-is-epr-in-e-waste/,https://www.ewastekochi.com/blog/what-is-epr-in-e-waste/,What Is EPR in E-Waste Management? A Plain-Language Explainer,blog,en-IN,true,true,true,true,true,false
/blog/what-is-ewaste/,https://www.ewastekochi.com/blog/what-is-ewaste/,What Is E-Waste? A Beginner's Guide for Kochi Households & Offices,blog,en-IN,true,true,true,true,true,false
/blog/where-sell-ewaste-near-me/,https://www.ewastekochi.com/blog/where-sell-ewaste-near-me/,Where Sell Ewaste Near ME | Ewaste Kochi Indexed Guide,blog,en-IN,true,true,true,true,false,false
/blog/where-to-recycle-batteries-kochi/,https://www.ewastekochi.com/blog/where-to-recycle-batteries-kochi/,Where TO Recycle Batteries Kochi | Ewaste Kochi Indexed Guide,blog,en-IN,true,true,true,true,false,false
/blog/where-to-recycle-old-electronics-kochi/,https://www.ewastekochi.com/blog/where-to-recycle-old-electronics-kochi/,"Where to Recycle Old Electronics in Kochi | Pickup, Reuse & Scrap Quote Guide",blog,en-IN,true,true,true,true,true,false
/blog/why-companies-destroy-data/,https://www.ewastekochi.com/blog/why-companies-destroy-data/,WHY Companies Destroy Data | Ewaste Kochi Indexed Guide,blog,en-IN,true,true,true,true,false,false
/blog/why-data-destruction-important-businesses/,https://www.ewastekochi.com/blog/why-data-destruction-important-businesses/,WHY Data Destruction Important Businesses | Ewaste Kochi Indexed Guide,blog,en-IN,true,true,true,true,false,false
/blog/why-electronics-should-not-go-in-household-waste/,https://www.ewastekochi.com/blog/why-electronics-should-not-go-in-household-waste/,Why Electronics Should Not Go into Household Waste | Kochi,blog,en-IN,true,true,true,true,true,false
/blog/zero-landfill-ewaste-checklist-kochi/,https://www.ewastekochi.com/blog/zero-landfill-ewaste-checklist-kochi/,Ewaste Checklist Kochi | Ewaste Kochi Indexed Guide,blog,en-IN,true,true,true,true,false,false
/buyback/laptops/sell-hp-elitebook-904-kochi.html/,https://www.ewastekochi.com/buyback/laptops/sell-hp-elitebook-904-kochi.html/,,,,true,false,false,false,false,false
/buyback/laptops/sell-hp-elitebook-932-kochi.html/,https://www.ewastekochi.com/buyback/laptops/sell-hp-elitebook-932-kochi.html/,,,,true,false,false,false,false,false
/buyback/laptops/sell-hp-elitebook-939-kochi.html/,https://www.ewastekochi.com/buyback/laptops/sell-hp-elitebook-939-kochi.html/,,,,true,false,false,false,false,false
/certifications/,https://www.ewastekochi.com/certifications/,Certifications | Ewaste Kochi,trust,en-IN,true,true,true,true,true,false
/computer-scrap-buyers-kochi/,https://www.ewastekochi.com/computer-scrap-buyers-kochi/,"Computer Scrap Buyers in Kochi | Desktops, Laptops & Office IT",service,en-IN,true,true,true,true,true,false
/contact/,https://www.ewastekochi.com/contact/,Contact Ewaste Kochi | Book a Pickup or Ask a Question,core,en-IN,true,true,true,true,true,false
/data-destruction-certificate-sample/,https://www.ewastekochi.com/data-destruction-certificate-sample/,Data Destruction Certificate Sample | Ewaste Kochi,trust,en-IN,true,true,true,true,true,false
/data-destruction/,https://www.ewastekochi.com/data-destruction/,Data Destruction Services in Kochi | Wiping & Drive Shredding,service,en-IN,true,true,true,true,true,false
/e-waste-rules-2022-india/,https://www.ewastekochi.com/e-waste-rules-2022-india/,E-Waste Rules 2022 India | Kochi Business Disposal Guide,legal,en-IN,true,true,true,true,true,false
/e-waste-scrap-prices-kochi/,https://www.ewastekochi.com/e-waste-scrap-prices-kochi/,E-Waste Scrap Prices in Kochi | Quote Guidance & Price Factors,service,en-IN,true,true,true,true,true,false
/e-waste/,https://www.ewastekochi.com/e-waste/,What Is E-Waste? Complete Kochi Guide to Electronic Waste,core,en-IN,true,true,true,true,false,false
/ewaste/,https://www.ewastekochi.com/ewaste/,"What Is E-Waste? Kochi Guide to Electronics, Batteries & IT Scrap",core,en-IN,true,true,true,true,true,false
/faq/,https://www.ewastekochi.com/faq/,FAQ | Ewaste Kochi,core,en-IN,true,true,true,true,true,false
/hard-drive-shredding/,https://www.ewastekochi.com/hard-drive-shredding/,Hard Drive Shredding in Kochi | Physical Data Destruction,service,en-IN,true,true,true,true,true,false
/itad/,https://www.ewastekochi.com/itad/,ITAD Services in Kochi | Corporate IT Asset Disposal,service,en-IN,true,true,true,true,true,false
/locations/,https://www.ewastekochi.com/locations/,E-Waste Pickup Locations in Kochi & Kerala | Ewaste Kochi,core,en-IN,true,true,true,true,true,false
/locations/aluva/,https://www.ewastekochi.com/locations/aluva/,E-Waste Collection in Aluva | Free Pickup Near Kochi Metro & Airport,location,en-IN,true,true,true,true,true,false
/locations/aluva/certificate-of-destruction-kochi/,https://www.ewastekochi.com/locations/aluva/certificate-of-destruction-kochi/,Data Destruction Documentation in Aluva | Indexed Service Guide,location,en-IN,true,true,true,true,false,false
/locations/aluva/dpdp-act-compliance-kochi/,https://www.ewastekochi.com/locations/aluva/dpdp-act-compliance-kochi/,DPDP Device Disposal Planning in Aluva | Indexed Service Guide,location,en-IN,true,true,true,true,false,false
/locations/aluva/hard-drive-shredding-kochi/,https://www.ewastekochi.com/locations/aluva/hard-drive-shredding-kochi/,Hard Drive Shredding in Aluva | Indexed Service Guide,location,en-IN,true,true,true,true,false,false
/locations/aluva/mobile-recycling-kochi/,https://www.ewastekochi.com/locations/aluva/mobile-recycling-kochi/,Mobile Phone Recycling in Aluva | Indexed Service Guide,location,en-IN,true,true,true,true,false,false
/locations/aluva/printer-recycling-kochi/,https://www.ewastekochi.com/locations/aluva/printer-recycling-kochi/,Printer Recycling in Aluva | Indexed Service Guide,location,en-IN,true,true,true,true,false,false
/locations/aluva/sell-electronics/,https://www.ewastekochi.com/locations/aluva/sell-electronics/,Sell Old Electronics in Aluva | Condition-Based Quotes,location,en-IN,true,true,true,true,false,false
/locations/angamaly/,https://www.ewastekochi.com/locations/angamaly/,E-Waste Collection in Angamaly | Pickup Feasibility Check,location,en-IN,true,true,true,true,false,false
/locations/angamaly/certificate-of-destruction-kochi/,https://www.ewastekochi.com/locations/angamaly/certificate-of-destruction-kochi/,Data Destruction Documentation in Angamaly | Indexed Service Guide,location,en-IN,true,true,true,true,false,false
/locations/angamaly/corporate-ewaste-kochi/,https://www.ewastekochi.com/locations/angamaly/corporate-ewaste-kochi/,Corporate E-Waste Pickup in Angamaly | Indexed Service Guide,location,en-IN,true,true,true,true,false,false
/locations/angamaly/data-destruction-kochi/,https://www.ewastekochi.com/locations/angamaly/data-destruction-kochi/,Data Destruction in Angamaly | Indexed Service Guide,location,en-IN,true,true,true,true,false,false
/locations/angamaly/hard-drive-shredding-kochi/,https://www.ewastekochi.com/locations/angamaly/hard-drive-shredding-kochi/,Hard Drive Shredding in Angamaly | Indexed Service Guide,location,en-IN,true,true,true,true,false,false
/locations/angamaly/laptop-buyback-kochi/,https://www.ewastekochi.com/locations/angamaly/laptop-buyback-kochi/,Laptop Buyback in Angamaly | Indexed Service Guide,location,en-IN,true,true,true,true,false,false
/locations/angamaly/mobile-recycling-kochi/,https://www.ewastekochi.com/locations/angamaly/mobile-recycling-kochi/,Mobile Phone Recycling in Angamaly | Indexed Service Guide,location,en-IN,true,true,true,true,false,false
/locations/angamaly/tv-monitor-recycling-kochi/,https://www.ewastekochi.com/locations/angamaly/tv-monitor-recycling-kochi/,TV and Monitor Recycling in Angamaly | Indexed Service Guide,location,en-IN,true,true,true,true,false,false
/locations/edappally/,https://www.ewastekochi.com/locations/edappally/,E-Waste Collection in Edappally | Free Pickup Near Lulu Mall & NH66,location,en-IN,true,true,true,true,true,false
/locations/edappally/air-conditioner-recycling-kochi/,https://www.ewastekochi.com/locations/edappally/air-conditioner-recycling-kochi/,AC and Appliance Recycling in Edappally | Indexed Service Guide,location,en-IN,true,true,true,true,false,false
/locations/edappally/hard-drive-shredding-kochi/,https://www.ewastekochi.com/locations/edappally/hard-drive-shredding-kochi/,Hard Drive Shredding in Edappally | Indexed Service Guide,location,en-IN,true,true,true,true,false,false
/locations/edappally/itad/,https://www.ewastekochi.com/locations/edappally/itad/,ITAD Services for Edappally Offices | Asset Disposition,location,en-IN,true,true,true,true,false,false
/locations/edappally/network-equipment-disposal-kochi/,https://www.ewastekochi.com/locations/edappally/network-equipment-disposal-kochi/,Network Equipment Disposal in Edappally | Indexed Service Guide,location,en-IN,true,true,true,true,false,false
/locations/edappally/printer-recycling-kochi/,https://www.ewastekochi.com/locations/edappally/printer-recycling-kochi/,Printer Recycling in Edappally | Indexed Service Guide,location,en-IN,true,true,true,true,false,false
/locations/ernakulam-south/,https://www.ewastekochi.com/locations/ernakulam-south/,E-Waste Pickup in Ernakulam South | Free Doorstep Collection,location,en-IN,true,true,true,true,true,false
/locations/ewaste-682079/,https://www.ewastekochi.com/locations/ewaste-682079/,Ewaste E-Waste Enquiry | Indexed Location Guide,location,en-IN,true,true,true,true,false,false
/locations/fort-kochi/,https://www.ewastekochi.com/locations/fort-kochi/,E-Waste Recycling in Fort Kochi | Pickup Feasibility Check,location,en-IN,true,true,true,true,false,false
/locations/fort-kochi/certificate-of-destruction-kochi/,https://www.ewastekochi.com/locations/fort-kochi/certificate-of-destruction-kochi/,Data Destruction Documentation in Fort Kochi | Indexed Service Guide,location,en-IN,true,true,true,true,false,false
/locations/fort-kochi/laptop-buyback-kochi/,https://www.ewastekochi.com/locations/fort-kochi/laptop-buyback-kochi/,Laptop Buyback in Fort Kochi | Indexed Service Guide,location,en-IN,true,true,true,true,false,false
/locations/fort-kochi/network-equipment-disposal-kochi/,https://www.ewastekochi.com/locations/fort-kochi/network-equipment-disposal-kochi/,Network Equipment Disposal in Fort Kochi | Indexed Service Guide,location,en-IN,true,true,true,true,false,false
/locations/fort-kochi/printer-recycling-kochi/,https://www.ewastekochi.com/locations/fort-kochi/printer-recycling-kochi/,Printer Recycling in Fort Kochi | Indexed Service Guide,location,en-IN,true,true,true,true,false,false
/locations/fort-kochi/sell-electronics/,https://www.ewastekochi.com/locations/fort-kochi/sell-electronics/,Sell Old Electronics in Fort Kochi | Condition-Based Quotes,location,en-IN,true,true,true,true,false,false
/locations/fort-kochi/server-recycling-kochi/,https://www.ewastekochi.com/locations/fort-kochi/server-recycling-kochi/,Server Recycling in Fort Kochi | Indexed Service Guide,location,en-IN,true,true,true,true,false,false
/locations/infopark-kochi/,https://www.ewastekochi.com/locations/infopark-kochi/,E-Waste Pickup for Infopark Kochi IT Offices | Bulk & ITAD Collection,location,en-IN,true,true,true,true,true,false
/locations/infopark-kochi/mobile-recycling-kochi/,https://www.ewastekochi.com/locations/infopark-kochi/mobile-recycling-kochi/,Mobile Phone Recycling in Infopark Kochi | Indexed Service Guide,location,en-IN,true,true,true,true,false,false
/locations/infopark-kochi/network-equipment-disposal-kochi/,https://www.ewastekochi.com/locations/infopark-kochi/network-equipment-disposal-kochi/,Network Equipment Disposal in Infopark Kochi | Indexed Service Guide,location,en-IN,true,true,true,true,false,false
/locations/infopark-kochi/tv-monitor-recycling-kochi/,https://www.ewastekochi.com/locations/infopark-kochi/tv-monitor-recycling-kochi/,TV and Monitor Recycling in Infopark Kochi | Indexed Service Guide,location,en-IN,true,true,true,true,false,false
/locations/kadavanthra/,https://www.ewastekochi.com/locations/kadavanthra/,E-Waste Collection in Kadavanthra | Free Doorstep Pickup Near Metro,location,en-IN,true,true,true,true,true,false
/locations/kadavanthra/certificate-of-destruction-kochi/,https://www.ewastekochi.com/locations/kadavanthra/certificate-of-destruction-kochi/,Data Destruction Documentation in Kadavanthra | Indexed Service Guide,location,en-IN,true,true,true,true,false,false
/locations/kadavanthra/network-equipment-disposal-kochi/,https://www.ewastekochi.com/locations/kadavanthra/network-equipment-disposal-kochi/,Network Equipment Disposal in Kadavanthra | Indexed Service Guide,location,en-IN,true,true,true,true,false,false
/locations/kakkanad/,https://www.ewastekochi.com/locations/kakkanad/,E-Waste Collection in Kakkanad | Free Pickup for IT & Homes,location,en-IN,true,true,true,true,true,false
/locations/kakkanad/battery-recycling-kochi/,https://www.ewastekochi.com/locations/kakkanad/battery-recycling-kochi/,Battery Recycling in Kakkanad | Indexed Service Guide,location,en-IN,true,true,true,true,false,false
/locations/kakkanad/hard-drive-degaussing-kochi/,https://www.ewastekochi.com/locations/kakkanad/hard-drive-degaussing-kochi/,Hard Drive Degaussing in Kakkanad | Indexed Service Guide,location,en-IN,true,true,true,true,false,false
/locations/kalady/,https://www.ewastekochi.com/locations/kalady/,E-Waste Pickup in Kalady | Feasibility Check,location,en-IN,true,true,true,true,false,false
/locations/kalady/certificate-of-destruction-kochi/,https://www.ewastekochi.com/locations/kalady/certificate-of-destruction-kochi/,Data Destruction Documentation in Kalady | Indexed Service Guide,location,en-IN,true,true,true,true,false,false
/locations/kalady/dpdp-act-compliance-kochi/,https://www.ewastekochi.com/locations/kalady/dpdp-act-compliance-kochi/,DPDP Device Disposal Planning in Kalady | Indexed Service Guide,location,en-IN,true,true,true,true,false,false
/locations/kalady/hard-drive-destruction-kochi/,https://www.ewastekochi.com/locations/kalady/hard-drive-destruction-kochi/,Hard Drive Destruction in Kalady | Indexed Service Guide,location,en-IN,true,true,true,true,false,false
/locations/kalady/it-asset-inventory-audit/,https://www.ewastekochi.com/locations/kalady/it-asset-inventory-audit/,IT Asset Inventory Audit in Kalady | Indexed Service Guide,location,en-IN,true,true,true,true,false,false
/locations/kalady/network-equipment-disposal-kochi/,https://www.ewastekochi.com/locations/kalady/network-equipment-disposal-kochi/,Network Equipment Disposal in Kalady | Indexed Service Guide,location,en-IN,true,true,true,true,false,false
/locations/kalady/old-computer-disposal/,https://www.ewastekochi.com/locations/kalady/old-computer-disposal/,Old Computer Disposal in Kalady | Indexed Service Guide,location,en-IN,true,true,true,true,false,false
/locations/kalamassery/,https://www.ewastekochi.com/locations/kalamassery/,E-Waste Collection in Kalamassery | Industrial & Home Pickup,location,en-IN,true,true,true,true,true,false
/locations/kalamassery/air-conditioner-recycling-kochi/,https://www.ewastekochi.com/locations/kalamassery/air-conditioner-recycling-kochi/,AC and Appliance Recycling in Kalamassery | Indexed Service Guide,location,en-IN,true,true,true,true,false,false
/locations/kalamassery/dpdp-act-compliance-kochi/,https://www.ewastekochi.com/locations/kalamassery/dpdp-act-compliance-kochi/,DPDP Device Disposal Planning in Kalamassery | Indexed Service Guide,location,en-IN,true,true,true,true,false,false
/locations/kalamassery/itad-kochi/,https://www.ewastekochi.com/locations/kalamassery/itad-kochi/,ITAD in Kalamassery | Indexed Service Guide,location,en-IN,true,true,true,true,false,false
/locations/kalamassery/network-equipment-disposal-kochi/,https://www.ewastekochi.com/locations/kalamassery/network-equipment-disposal-kochi/,Network Equipment Disposal in Kalamassery | Indexed Service Guide,location,en-IN,true,true,true,true,false,false
/locations/kalamassery/printer-recycling-kochi/,https://www.ewastekochi.com/locations/kalamassery/printer-recycling-kochi/,Printer Recycling in Kalamassery | Indexed Service Guide,location,en-IN,true,true,true,true,false,false
/locations/kaloor/,https://www.ewastekochi.com/locations/kaloor/,E-Waste Pickup in Kaloor | Electronics & Battery Collection,location,en-IN,true,true,true,true,false,false
/locations/kannur/,https://www.ewastekochi.com/locations/kannur/,"E-Waste Recycling in Kannur, Kerala | Pickup Feasibility Check",location,en-IN,true,true,true,true,true,false
/locations/kannur/corporate-ewaste-kochi/,https://www.ewastekochi.com/locations/kannur/corporate-ewaste-kochi/,Corporate E-Waste Pickup in Kannur | Indexed Service Guide,location,en-IN,true,true,true,true,false,false
/locations/kannur/data-destruction/,https://www.ewastekochi.com/locations/kannur/data-destruction/,Data Destruction for Kannur Port & Cantonment Offices,location,en-IN,true,true,true,true,false,false
/locations/kannur/dpdp-act-compliance-kochi/,https://www.ewastekochi.com/locations/kannur/dpdp-act-compliance-kochi/,DPDP Device Disposal Planning in Kannur | Indexed Service Guide,location,en-IN,true,true,true,true,false,false
/locations/kannur/printer-recycling-kochi/,https://www.ewastekochi.com/locations/kannur/printer-recycling-kochi/,Printer Recycling in Kannur | Indexed Service Guide,location,en-IN,true,true,true,true,false,false
/locations/kannur/server-recycling-kochi/,https://www.ewastekochi.com/locations/kannur/server-recycling-kochi/,Server Recycling in Kannur | Indexed Service Guide,location,en-IN,true,true,true,true,false,false
/locations/kannur/ups-inverter-recycling-kochi/,https://www.ewastekochi.com/locations/kannur/ups-inverter-recycling-kochi/,UPS and Inverter Battery Recycling in Kannur | Indexed Service Guide,location,en-IN,true,true,true,true,false,false
/locations/kollam/,https://www.ewastekochi.com/locations/kollam/,"E-Waste Recycling in Kollam, Kerala | Pickup Feasibility Check",location,en-IN,true,true,true,true,true,false
/locations/kollam/data-destruction-kochi/,https://www.ewastekochi.com/locations/kollam/data-destruction-kochi/,Data Destruction in Kollam | Indexed Service Guide,location,en-IN,true,true,true,true,false,false
/locations/kollam/dpdp-act-compliance-kochi/,https://www.ewastekochi.com/locations/kollam/dpdp-act-compliance-kochi/,DPDP Device Disposal Planning in Kollam | Indexed Service Guide,location,en-IN,true,true,true,true,false,false
/locations/kollam/itad-kochi/,https://www.ewastekochi.com/locations/kollam/itad-kochi/,ITAD in Kollam | Indexed Service Guide,location,en-IN,true,true,true,true,false,false
/locations/kollam/laptop-buyback-kochi/,https://www.ewastekochi.com/locations/kollam/laptop-buyback-kochi/,Laptop Buyback in Kollam | Indexed Service Guide,location,en-IN,true,true,true,true,false,false
/locations/kollam/sell-electronics/,https://www.ewastekochi.com/locations/kollam/sell-electronics/,Sell Old Electronics in Kollam | Condition-Based Quotes,location,en-IN,true,true,true,true,false,false
/locations/kollam/ups-inverter-recycling-kochi/,https://www.ewastekochi.com/locations/kollam/ups-inverter-recycling-kochi/,UPS and Inverter Battery Recycling in Kollam | Indexed Service Guide,location,en-IN,true,true,true,true,false,false
/locations/kothamangalam/,https://www.ewastekochi.com/locations/kothamangalam/,E-Waste Pickup in Kothamangalam | Feasibility Check,location,en-IN,true,true,true,true,false,false
/locations/kothamangalam/dpdp-act-compliance-kochi/,https://www.ewastekochi.com/locations/kothamangalam/dpdp-act-compliance-kochi/,DPDP Device Disposal Planning in Kothamangalam | Indexed Service Guide,location,en-IN,true,true,true,true,false,false
/locations/kothamangalam/hard-drive-shredding-kochi/,https://www.ewastekochi.com/locations/kothamangalam/hard-drive-shredding-kochi/,Hard Drive Shredding in Kothamangalam | Indexed Service Guide,location,en-IN,true,true,true,true,false,false
/locations/kothamangalam/laptop-buyback-kochi/,https://www.ewastekochi.com/locations/kothamangalam/laptop-buyback-kochi/,Laptop Buyback in Kothamangalam | Indexed Service Guide,location,en-IN,true,true,true,true,false,false
/locations/kothamangalam/network-equipment-disposal-kochi/,https://www.ewastekochi.com/locations/kothamangalam/network-equipment-disposal-kochi/,Network Equipment Disposal in Kothamangalam | Indexed Service Guide,location,en-IN,true,true,true,true,false,false
/locations/kothamangalam/printer-recycling-kochi/,https://www.ewastekochi.com/locations/kothamangalam/printer-recycling-kochi/,Printer Recycling in Kothamangalam | Indexed Service Guide,location,en-IN,true,true,true,true,false,false
/locations/kottayam/,https://www.ewastekochi.com/locations/kottayam/,"E-Waste Recycling in Kottayam, Kerala | Pickup Feasibility Check",location,en-IN,true,true,true,true,true,false
/locations/kottayam/air-conditioner-recycling-kochi/,https://www.ewastekochi.com/locations/kottayam/air-conditioner-recycling-kochi/,AC and Appliance Recycling in Kottayam | Indexed Service Guide,location,en-IN,true,true,true,true,false,false
/locations/kottayam/certificate-of-destruction-kochi/,https://www.ewastekochi.com/locations/kottayam/certificate-of-destruction-kochi/,Data Destruction Documentation in Kottayam | Indexed Service Guide,location,en-IN,true,true,true,true,false,false
/locations/kottayam/corporate-ewaste-kochi/,https://www.ewastekochi.com/locations/kottayam/corporate-ewaste-kochi/,Corporate E-Waste Pickup in Kottayam | Indexed Service Guide,location,en-IN,true,true,true,true,false,false
/locations/kottayam/dpdp-act-compliance-kochi/,https://www.ewastekochi.com/locations/kottayam/dpdp-act-compliance-kochi/,DPDP Device Disposal Planning in Kottayam | Indexed Service Guide,location,en-IN,true,true,true,true,false,false
/locations/kottayam/itad/,https://www.ewastekochi.com/locations/kottayam/itad/,ITAD for Kottayam Publishing Houses & Institutions | Asset Disposition,location,en-IN,true,true,true,true,false,false
/locations/kottayam/network-equipment-disposal-kochi/,https://www.ewastekochi.com/locations/kottayam/network-equipment-disposal-kochi/,Network Equipment Disposal in Kottayam | Indexed Service Guide,location,en-IN,true,true,true,true,false,false
/locations/kottayam/printer-recycling-kochi/,https://www.ewastekochi.com/locations/kottayam/printer-recycling-kochi/,Printer Recycling in Kottayam | Indexed Service Guide,location,en-IN,true,true,true,true,false,false
/locations/kottayam/server-recycling-kochi/,https://www.ewastekochi.com/locations/kottayam/server-recycling-kochi/,Server Recycling in Kottayam | Indexed Service Guide,location,en-IN,true,true,true,true,false,false
/locations/kottayam/ups-inverter-recycling-kochi/,https://www.ewastekochi.com/locations/kottayam/ups-inverter-recycling-kochi/,UPS and Inverter Battery Recycling in Kottayam | Indexed Service Guide,location,en-IN,true,true,true,true,false,false
/locations/kozhikode/,https://www.ewastekochi.com/locations/kozhikode/,"E-Waste Recycling in Kozhikode, Kerala | Pickup Feasibility Check",location,en-IN,true,true,true,true,true,false
/locations/kozhikode/air-conditioner-recycling-kochi/,https://www.ewastekochi.com/locations/kozhikode/air-conditioner-recycling-kochi/,AC and Appliance Recycling in Kozhikode | Indexed Service Guide,location,en-IN,true,true,true,true,false,false
/locations/kozhikode/certificate-of-destruction-kochi/,https://www.ewastekochi.com/locations/kozhikode/certificate-of-destruction-kochi/,Data Destruction Documentation in Kozhikode | Indexed Service Guide,location,en-IN,true,true,true,true,false,false
/locations/kozhikode/itad/,https://www.ewastekochi.com/locations/kozhikode/itad/,ITAD for Kozhikode IT & Business Offices | Asset Disposition,location,en-IN,true,true,true,true,false,false
/locations/kozhikode/network-equipment-disposal-kochi/,https://www.ewastekochi.com/locations/kozhikode/network-equipment-disposal-kochi/,Network Equipment Disposal in Kozhikode | Indexed Service Guide,location,en-IN,true,true,true,true,false,false
/locations/kozhikode/secure-computer-recycling/,https://www.ewastekochi.com/locations/kozhikode/secure-computer-recycling/,Computer Recycling in Kozhikode | Indexed Service Guide,location,en-IN,true,true,true,true,false,false
/locations/kozhikode/secure-laptop-disposal/,https://www.ewastekochi.com/locations/kozhikode/secure-laptop-disposal/,Laptop Data Safety and Disposal in Kozhikode | Indexed Service Guide,location,en-IN,true,true,true,true,false,false
/locations/kozhikode/ups-inverter-recycling-kochi/,https://www.ewastekochi.com/locations/kozhikode/ups-inverter-recycling-kochi/,UPS and Inverter Battery Recycling in Kozhikode | Indexed Service Guide,location,en-IN,true,true,true,true,false,false
/locations/malappuram/,https://www.ewastekochi.com/locations/malappuram/,"E-Waste Recycling in Malappuram, Kerala | Pickup Feasibility Check",location,en-IN,true,true,true,true,true,false
/locations/malappuram/air-conditioner-recycling-kochi/,https://www.ewastekochi.com/locations/malappuram/air-conditioner-recycling-kochi/,AC and Appliance Recycling in Malappuram | Indexed Service Guide,location,en-IN,true,true,true,true,false,false
/locations/malappuram/corporate-ewaste-kochi/,https://www.ewastekochi.com/locations/malappuram/corporate-ewaste-kochi/,Corporate E-Waste Pickup in Malappuram | Indexed Service Guide,location,en-IN,true,true,true,true,false,false
/locations/malappuram/free-ewaste-pickup-kochi/,https://www.ewastekochi.com/locations/malappuram/free-ewaste-pickup-kochi/,E-Waste Pickup in Malappuram | Indexed Service Guide,location,en-IN,true,true,true,true,false,false
/locations/malappuram/printer-recycling-kochi/,https://www.ewastekochi.com/locations/malappuram/printer-recycling-kochi/,Printer Recycling in Malappuram | Indexed Service Guide,location,en-IN,true,true,true,true,false,false
/locations/malappuram/ups-inverter-recycling-kochi/,https://www.ewastekochi.com/locations/malappuram/ups-inverter-recycling-kochi/,UPS and Inverter Battery Recycling in Malappuram | Indexed Service Guide,location,en-IN,true,true,true,true,false,false
/locations/maradu/,https://www.ewastekochi.com/locations/maradu/,E-Waste Pickup in Maradu | Electronics Collection Support,location,en-IN,true,true,true,true,false,false
/locations/maradu/air-conditioner-recycling-kochi/,https://www.ewastekochi.com/locations/maradu/air-conditioner-recycling-kochi/,AC and Appliance Recycling in Maradu | Indexed Service Guide,location,en-IN,true,true,true,true,false,false
/locations/maradu/battery-recycling-kochi/,https://www.ewastekochi.com/locations/maradu/battery-recycling-kochi/,Battery Recycling in Maradu | Indexed Service Guide,location,en-IN,true,true,true,true,false,false
/locations/maradu/certificate-of-destruction-kochi/,https://www.ewastekochi.com/locations/maradu/certificate-of-destruction-kochi/,Data Destruction Documentation in Maradu | Indexed Service Guide,location,en-IN,true,true,true,true,false,false
/locations/maradu/dpdp-act-compliance-kochi/,https://www.ewastekochi.com/locations/maradu/dpdp-act-compliance-kochi/,DPDP Device Disposal Planning in Maradu | Indexed Service Guide,location,en-IN,true,true,true,true,false,false
/locations/maradu/network-equipment-disposal-kochi/,https://www.ewastekochi.com/locations/maradu/network-equipment-disposal-kochi/,Network Equipment Disposal in Maradu | Indexed Service Guide,location,en-IN,true,true,true,true,false,false
/locations/muvattupuzha/,https://www.ewastekochi.com/locations/muvattupuzha/,E-Waste Pickup in Muvattupuzha | Electronics Collection Check,location,en-IN,true,true,true,true,false,false
/locations/muvattupuzha/air-conditioner-recycling-kochi/,https://www.ewastekochi.com/locations/muvattupuzha/air-conditioner-recycling-kochi/,AC and Appliance Recycling in Muvattupuzha | Indexed Service Guide,location,en-IN,true,true,true,true,false,false
/locations/muvattupuzha/dpdp-act-compliance-kochi/,https://www.ewastekochi.com/locations/muvattupuzha/dpdp-act-compliance-kochi/,DPDP Device Disposal Planning in Muvattupuzha | Indexed Service Guide,location,en-IN,true,true,true,true,false,false
/locations/muvattupuzha/itad-kochi/,https://www.ewastekochi.com/locations/muvattupuzha/itad-kochi/,ITAD in Muvattupuzha | Indexed Service Guide,location,en-IN,true,true,true,true,false,false
/locations/muvattupuzha/network-equipment-disposal-kochi/,https://www.ewastekochi.com/locations/muvattupuzha/network-equipment-disposal-kochi/,Network Equipment Disposal in Muvattupuzha | Indexed Service Guide,location,en-IN,true,true,true,true,false,false
/locations/muvattupuzha/printer-recycling-kochi/,https://www.ewastekochi.com/locations/muvattupuzha/printer-recycling-kochi/,Printer Recycling in Muvattupuzha | Indexed Service Guide,location,en-IN,true,true,true,true,false,false
/locations/muvattupuzha/secure-laptop-disposal/,https://www.ewastekochi.com/locations/muvattupuzha/secure-laptop-disposal/,Laptop Data Safety and Disposal in Muvattupuzha | Indexed Service Guide,location,en-IN,true,true,true,true,false,false
/locations/muvattupuzha/tv-monitor-recycling-kochi/,https://www.ewastekochi.com/locations/muvattupuzha/tv-monitor-recycling-kochi/,TV and Monitor Recycling in Muvattupuzha | Indexed Service Guide,location,en-IN,true,true,true,true,false,false
/locations/north-paravur/,https://www.ewastekochi.com/locations/north-paravur/,E-Waste Pickup in North Paravur | Feasibility Check,location,en-IN,true,true,true,true,false,false
/locations/north-paravur/certificate-of-destruction-kochi/,https://www.ewastekochi.com/locations/north-paravur/certificate-of-destruction-kochi/,Data Destruction Documentation in North Paravur | Indexed Service Guide,location,en-IN,true,true,true,true,false,false
/locations/north-paravur/corporate-ewaste-kochi/,https://www.ewastekochi.com/locations/north-paravur/corporate-ewaste-kochi/,Corporate E-Waste Pickup in North Paravur | Indexed Service Guide,location,en-IN,true,true,true,true,false,false
/locations/north-paravur/data-destruction-kochi/,https://www.ewastekochi.com/locations/north-paravur/data-destruction-kochi/,Data Destruction in North Paravur | Indexed Service Guide,location,en-IN,true,true,true,true,false,false
/locations/north-paravur/itad-kochi/,https://www.ewastekochi.com/locations/north-paravur/itad-kochi/,ITAD in North Paravur | Indexed Service Guide,location,en-IN,true,true,true,true,false,false
/locations/north-paravur/printer-recycling-kochi/,https://www.ewastekochi.com/locations/north-paravur/printer-recycling-kochi/,Printer Recycling in North Paravur | Indexed Service Guide,location,en-IN,true,true,true,true,false,false
/locations/palakkad/,https://www.ewastekochi.com/locations/palakkad/,"E-Waste Recycling in Palakkad, Kerala | Pickup Feasibility Check",location,en-IN,true,true,true,true,true,false
/locations/palakkad/air-conditioner-recycling-kochi/,https://www.ewastekochi.com/locations/palakkad/air-conditioner-recycling-kochi/,AC and Appliance Recycling in Palakkad | Indexed Service Guide,location,en-IN,true,true,true,true,false,false
/locations/palakkad/certificate-of-destruction-kochi/,https://www.ewastekochi.com/locations/palakkad/certificate-of-destruction-kochi/,Data Destruction Documentation in Palakkad | Indexed Service Guide,location,en-IN,true,true,true,true,false,false
/locations/palakkad/corporate-ewaste-kochi/,https://www.ewastekochi.com/locations/palakkad/corporate-ewaste-kochi/,Corporate E-Waste Pickup in Palakkad | Indexed Service Guide,location,en-IN,true,true,true,true,false,false
/locations/palakkad/data-destruction-kochi/,https://www.ewastekochi.com/locations/palakkad/data-destruction-kochi/,Data Destruction in Palakkad | Indexed Service Guide,location,en-IN,true,true,true,true,false,false
/locations/palakkad/hard-drive-shredding-kochi/,https://www.ewastekochi.com/locations/palakkad/hard-drive-shredding-kochi/,Hard Drive Shredding in Palakkad | Indexed Service Guide,location,en-IN,true,true,true,true,false,false
/locations/palakkad/it-asset-inventory-audit/,https://www.ewastekochi.com/locations/palakkad/it-asset-inventory-audit/,IT Asset Inventory Audit in Palakkad | Indexed Service Guide,location,en-IN,true,true,true,true,false,false
/locations/palakkad/secure-computer-recycling/,https://www.ewastekochi.com/locations/palakkad/secure-computer-recycling/,Computer Recycling in Palakkad | Indexed Service Guide,location,en-IN,true,true,true,true,false,false
/locations/palakkad/secure-laptop-disposal/,https://www.ewastekochi.com/locations/palakkad/secure-laptop-disposal/,Laptop Data Safety and Disposal in Palakkad | Indexed Service Guide,location,en-IN,true,true,true,true,false,false
/locations/palakkad/server-recycling-kochi/,https://www.ewastekochi.com/locations/palakkad/server-recycling-kochi/,Server Recycling in Palakkad | Indexed Service Guide,location,en-IN,true,true,true,true,false,false
/locations/palarivattom/,https://www.ewastekochi.com/locations/palarivattom/,E-Waste Collection in Palarivattom | Electronics Pickup Support,location,en-IN,true,true,true,true,false,false
/locations/palarivattom/certificate-of-destruction-kochi/,https://www.ewastekochi.com/locations/palarivattom/certificate-of-destruction-kochi/,Data Destruction Documentation in Palarivattom | Indexed Service Guide,location,en-IN,true,true,true,true,false,false
/locations/palarivattom/mobile-recycling-kochi/,https://www.ewastekochi.com/locations/palarivattom/mobile-recycling-kochi/,Mobile Phone Recycling in Palarivattom | Indexed Service Guide,location,en-IN,true,true,true,true,false,false
/locations/palarivattom/printer-recycling-kochi/,https://www.ewastekochi.com/locations/palarivattom/printer-recycling-kochi/,Printer Recycling in Palarivattom | Indexed Service Guide,location,en-IN,true,true,true,true,false,false
/locations/palarivattom/tv-monitor-recycling-kochi/,https://www.ewastekochi.com/locations/palarivattom/tv-monitor-recycling-kochi/,TV and Monitor Recycling in Palarivattom | Indexed Service Guide,location,en-IN,true,true,true,true,false,false
/locations/perumbavoor/,https://www.ewastekochi.com/locations/perumbavoor/,E-Waste Pickup in Perumbavoor | Electronics & Battery Check,location,en-IN,true,true,true,true,false,false
/locations/perumbavoor/air-conditioner-recycling-kochi/,https://www.ewastekochi.com/locations/perumbavoor/air-conditioner-recycling-kochi/,AC and Appliance Recycling in Perumbavoor | Indexed Service Guide,location,en-IN,true,true,true,true,false,false
/locations/perumbavoor/battery-recycling/,https://www.ewastekochi.com/locations/perumbavoor/battery-recycling/,"Battery Recycling in Perumbavoor | UPS, Inverter & Lithium Pickup",location,en-IN,true,true,true,true,false,false
/locations/perumbavoor/certificate-of-destruction-kochi/,https://www.ewastekochi.com/locations/perumbavoor/certificate-of-destruction-kochi/,Data Destruction Documentation in Perumbavoor | Indexed Service Guide,location,en-IN,true,true,true,true,false,false
/locations/perumbavoor/data-destruction-kochi/,https://www.ewastekochi.com/locations/perumbavoor/data-destruction-kochi/,Data Destruction in Perumbavoor | Indexed Service Guide,location,en-IN,true,true,true,true,false,false
/locations/perumbavoor/dpdp-act-compliance-kochi/,https://www.ewastekochi.com/locations/perumbavoor/dpdp-act-compliance-kochi/,DPDP Device Disposal Planning in Perumbavoor | Indexed Service Guide,location,en-IN,true,true,true,true,false,false
/locations/perumbavoor/hard-drive-shredding-kochi/,https://www.ewastekochi.com/locations/perumbavoor/hard-drive-shredding-kochi/,Hard Drive Shredding in Perumbavoor | Indexed Service Guide,location,en-IN,true,true,true,true,false,false
/locations/perumbavoor/mobile-recycling-kochi/,https://www.ewastekochi.com/locations/perumbavoor/mobile-recycling-kochi/,Mobile Phone Recycling in Perumbavoor | Indexed Service Guide,location,en-IN,true,true,true,true,false,false
/locations/smart-city-kochi/,https://www.ewastekochi.com/locations/smart-city-kochi/,E-Waste Pickup for Smart City Kochi | IT Asset Collection,location,en-IN,true,true,true,true,false,false
/locations/smart-city-kochi/air-conditioner-recycling-kochi/,https://www.ewastekochi.com/locations/smart-city-kochi/air-conditioner-recycling-kochi/,AC and Appliance Recycling in Smart City Kochi | Indexed Service Guide,location,en-IN,true,true,true,true,false,false
/locations/smart-city-kochi/corporate-ewaste-kochi/,https://www.ewastekochi.com/locations/smart-city-kochi/corporate-ewaste-kochi/,Corporate E-Waste Pickup in Smart City Kochi | Indexed Service Guide,location,en-IN,true,true,true,true,false,false
/locations/smart-city-kochi/dpdp-act-compliance-kochi/,https://www.ewastekochi.com/locations/smart-city-kochi/dpdp-act-compliance-kochi/,DPDP Device Disposal Planning in Smart City Kochi | Indexed Service Guide,location,en-IN,true,true,true,true,false,false
/locations/smart-city-kochi/itad/,https://www.ewastekochi.com/locations/smart-city-kochi/itad/,ITAD Services for Smart City Kochi Offices | Asset Disposition,location,en-IN,true,true,true,true,false,false
/locations/smart-city-kochi/printer-recycling-kochi/,https://www.ewastekochi.com/locations/smart-city-kochi/printer-recycling-kochi/,Printer Recycling in Smart City Kochi | Indexed Service Guide,location,en-IN,true,true,true,true,false,false
/locations/smart-city-kochi/server-recycling-kochi/,https://www.ewastekochi.com/locations/smart-city-kochi/server-recycling-kochi/,Server Recycling in Smart City Kochi | Indexed Service Guide,location,en-IN,true,true,true,true,false,false
/locations/smart-city-kochi/ups-inverter-recycling-kochi/,https://www.ewastekochi.com/locations/smart-city-kochi/ups-inverter-recycling-kochi/,UPS and Inverter Battery Recycling in Smart City Kochi | Indexed Service Guide,location,en-IN,true,true,true,true,false,false
/locations/thiruvananthapuram/,https://www.ewastekochi.com/locations/thiruvananthapuram/,"E-Waste Recycling in Thiruvananthapuram, Kerala | Pickup Feasibility Check",location,en-IN,true,true,true,true,true,false
/locations/thiruvananthapuram/dpdp-act-compliance-kochi/,https://www.ewastekochi.com/locations/thiruvananthapuram/dpdp-act-compliance-kochi/,DPDP Device Disposal Planning in Thiruvananthapuram | Indexed Service Guide,location,en-IN,true,true,true,true,false,false
/locations/thiruvananthapuram/network-equipment-disposal-kochi/,https://www.ewastekochi.com/locations/thiruvananthapuram/network-equipment-disposal-kochi/,Network Equipment Disposal in Thiruvananthapuram | Indexed Service Guide,location,en-IN,true,true,true,true,false,false
/locations/thiruvananthapuram/printer-recycling-kochi/,https://www.ewastekochi.com/locations/thiruvananthapuram/printer-recycling-kochi/,Printer Recycling in Thiruvananthapuram | Indexed Service Guide,location,en-IN,true,true,true,true,false,false
/locations/thrikkakara/,https://www.ewastekochi.com/locations/thrikkakara/,E-Waste Pickup in Thrikkakara | IT & Home Electronics,location,en-IN,true,true,true,true,false,false
/locations/thrikkakara/dpdp-act-compliance-kochi/,https://www.ewastekochi.com/locations/thrikkakara/dpdp-act-compliance-kochi/,DPDP Device Disposal Planning in Thrikkakara | Indexed Service Guide,location,en-IN,true,true,true,true,false,false
/locations/thrikkakara/itad-kochi/,https://www.ewastekochi.com/locations/thrikkakara/itad-kochi/,ITAD in Thrikkakara | Indexed Service Guide,location,en-IN,true,true,true,true,false,false
/locations/thrikkakara/network-equipment-disposal-kochi/,https://www.ewastekochi.com/locations/thrikkakara/network-equipment-disposal-kochi/,Network Equipment Disposal in Thrikkakara | Indexed Service Guide,location,en-IN,true,true,true,true,false,false
/locations/thrikkakara/printer-recycling-kochi/,https://www.ewastekochi.com/locations/thrikkakara/printer-recycling-kochi/,Printer Recycling in Thrikkakara | Indexed Service Guide,location,en-IN,true,true,true,true,false,false
/locations/thrikkakara/ups-inverter-recycling-kochi/,https://www.ewastekochi.com/locations/thrikkakara/ups-inverter-recycling-kochi/,UPS and Inverter Battery Recycling in Thrikkakara | Indexed Service Guide,location,en-IN,true,true,true,true,false,false
/locations/thrippunithura/,https://www.ewastekochi.com/locations/thrippunithura/,E-Waste Collection in Thrippunithura | Local Pickup Support,location,en-IN,true,true,true,true,false,false
/locations/thrippunithura/certificate-of-destruction-kochi/,https://www.ewastekochi.com/locations/thrippunithura/certificate-of-destruction-kochi/,Data Destruction Documentation in Thrippunithura | Indexed Service Guide,location,en-IN,true,true,true,true,false,false
/locations/thrippunithura/dpdp-act-compliance-kochi/,https://www.ewastekochi.com/locations/thrippunithura/dpdp-act-compliance-kochi/,DPDP Device Disposal Planning in Thrippunithura | Indexed Service Guide,location,en-IN,true,true,true,true,false,false
/locations/thrippunithura/laptop-buyback-kochi/,https://www.ewastekochi.com/locations/thrippunithura/laptop-buyback-kochi/,Laptop Buyback in Thrippunithura | Indexed Service Guide,location,en-IN,true,true,true,true,false,false
/locations/thrippunithura/network-equipment-disposal-kochi/,https://www.ewastekochi.com/locations/thrippunithura/network-equipment-disposal-kochi/,Network Equipment Disposal in Thrippunithura | Indexed Service Guide,location,en-IN,true,true,true,true,false,false
/locations/thrippunithura/printer-recycling-kochi/,https://www.ewastekochi.com/locations/thrippunithura/printer-recycling-kochi/,Printer Recycling in Thrippunithura | Indexed Service Guide,location,en-IN,true,true,true,true,false,false
/locations/thrissur/,https://www.ewastekochi.com/locations/thrissur/,"E-Waste Recycling in Thrissur, Kerala | Pickup Feasibility Check",location,en-IN,true,true,true,true,true,false
/locations/thrissur/corporate-ewaste-kochi/,https://www.ewastekochi.com/locations/thrissur/corporate-ewaste-kochi/,Corporate E-Waste Pickup in Thrissur | Indexed Service Guide,location,en-IN,true,true,true,true,false,false
/locations/thrissur/data-destruction/,https://www.ewastekochi.com/locations/thrissur/data-destruction/,Data Destruction for Thrissur Jewellery & Trade Businesses,location,en-IN,true,true,true,true,false,false
/locations/thrissur/dpdp-act-compliance-kochi/,https://www.ewastekochi.com/locations/thrissur/dpdp-act-compliance-kochi/,DPDP Device Disposal Planning in Thrissur | Indexed Service Guide,location,en-IN,true,true,true,true,false,false
/locations/thrissur/network-equipment-disposal-kochi/,https://www.ewastekochi.com/locations/thrissur/network-equipment-disposal-kochi/,Network Equipment Disposal in Thrissur | Indexed Service Guide,location,en-IN,true,true,true,true,false,false
/locations/vyttila/,https://www.ewastekochi.com/locations/vyttila/,E-Waste Pickup in Vyttila | Home & Office Electronics,location,en-IN,true,true,true,true,false,false
/locations/vyttila/dpdp-act-compliance-kochi/,https://www.ewastekochi.com/locations/vyttila/dpdp-act-compliance-kochi/,DPDP Device Disposal Planning in Vyttila | Indexed Service Guide,location,en-IN,true,true,true,true,false,false
/locations/vyttila/itad-kochi/,https://www.ewastekochi.com/locations/vyttila/itad-kochi/,ITAD in Vyttila | Indexed Service Guide,location,en-IN,true,true,true,true,false,false
/locations/vyttila/mobile-recycling-kochi/,https://www.ewastekochi.com/locations/vyttila/mobile-recycling-kochi/,Mobile Phone Recycling in Vyttila | Indexed Service Guide,location,en-IN,true,true,true,true,false,false
/locations/vyttila/network-equipment-disposal-kochi/,https://www.ewastekochi.com/locations/vyttila/network-equipment-disposal-kochi/,Network Equipment Disposal in Vyttila | Indexed Service Guide,location,en-IN,true,true,true,true,false,false
/locations/willingdon-island/,https://www.ewastekochi.com/locations/willingdon-island/,E-Waste Pickup in Willingdon Island | Business IT Support,location,en-IN,true,true,true,true,false,false
/locations/willingdon-island/air-conditioner-recycling-kochi/,https://www.ewastekochi.com/locations/willingdon-island/air-conditioner-recycling-kochi/,AC and Appliance Recycling in Willingdon Island | Indexed Service Guide,location,en-IN,true,true,true,true,false,false
/locations/willingdon-island/battery-recycling-kochi/,https://www.ewastekochi.com/locations/willingdon-island/battery-recycling-kochi/,Battery Recycling in Willingdon Island | Indexed Service Guide,location,en-IN,true,true,true,true,false,false
/locations/willingdon-island/corporate-ewaste-kochi/,https://www.ewastekochi.com/locations/willingdon-island/corporate-ewaste-kochi/,Corporate E-Waste Pickup in Willingdon Island | Indexed Service Guide,location,en-IN,true,true,true,true,false,false
/locations/willingdon-island/data-destruction-kochi/,https://www.ewastekochi.com/locations/willingdon-island/data-destruction-kochi/,Data Destruction in Willingdon Island | Indexed Service Guide,location,en-IN,true,true,true,true,false,false
/locations/willingdon-island/hard-drive-shredding-kochi/,https://www.ewastekochi.com/locations/willingdon-island/hard-drive-shredding-kochi/,Hard Drive Shredding in Willingdon Island | Indexed Service Guide,location,en-IN,true,true,true,true,false,false
/locations/willingdon-island/itad-kochi/,https://www.ewastekochi.com/locations/willingdon-island/itad-kochi/,ITAD in Willingdon Island | Indexed Service Guide,location,en-IN,true,true,true,true,false,false
/locations/willingdon-island/network-equipment-disposal-kochi/,https://www.ewastekochi.com/locations/willingdon-island/network-equipment-disposal-kochi/,Network Equipment Disposal in Willingdon Island | Indexed Service Guide,location,en-IN,true,true,true,true,false,false
/marketplace/,https://www.ewastekochi.com/marketplace/,Buy Refurbished Electronics in Kochi | Lowest Price Guarantee,service,en-IN,true,true,true,true,true,false
/ml/,https://www.ewastekochi.com/ml/,"ഇ-വേസ്റ്റ് റീസൈക്ലിംഗ് കൊച്ചി | ഇലക്ട്രോണിക്സ്, ബാറ്ററി, ഐടി സ്ക്രാപ്പിന് സൗജന്യ പിക്കപ്പ്",core,ml-IN,true,true,true,true,true,false
/ml/battery-recycling/,https://www.ewastekochi.com/ml/battery-recycling/,"കൊച്ചിയിൽ ബാറ്ററി റീസൈക്ലിംഗ് | യുപിഎസ്, ഇൻവെർട്ടർ, ലാപ്ടോപ്പ്, ഫോൺ",service,ml-IN,true,true,true,true,true,false
/ml/buyback/laptops/sell-asus-rog-zephyrus-g110-kochi.html/,https://www.ewastekochi.com/ml/buyback/laptops/sell-asus-rog-zephyrus-g110-kochi.html/,,,,true,false,false,false,false,false
/ml/buyback/laptops/sell-hp-elitebook-879-kochi.html/,https://www.ewastekochi.com/ml/buyback/laptops/sell-hp-elitebook-879-kochi.html/,,,,true,false,false,false,false,false
/ml/buyback/laptops/sell-hp-elitebook-882-kochi.html/,https://www.ewastekochi.com/ml/buyback/laptops/sell-hp-elitebook-882-kochi.html/,,,,true,false,false,false,false,false
/ml/buyback/laptops/sell-thinkpad-t438s-kochi.html/,https://www.ewastekochi.com/ml/buyback/laptops/sell-thinkpad-t438s-kochi.html/,,,,true,false,false,false,false,false
/ml/contact/,https://www.ewastekochi.com/ml/contact/,ബന്ധപ്പെടുക | ഇ-വേസ്റ്റ് കൊച്ചി,core,ml-IN,true,true,true,true,true,false
/ml/data-destruction/,https://www.ewastekochi.com/ml/data-destruction/,കൊച്ചിയിൽ ഡാറ്റ നശിപ്പിക്കൽ സേവനം | സുരക്ഷിത വൈപ്പിംഗ് & സർട്ടിഫിക്കറ്റ്,service,ml-IN,true,true,true,true,true,false
/ml/pickup/,https://www.ewastekochi.com/ml/pickup/,കൊച്ചിയിൽ ഇ-വേസ്റ്റ് പിക്കപ്പ് | വീട്ടിലെത്തി ശേഖരണം,service,ml-IN,true,true,true,true,true,false
/ml/recycling/,https://www.ewastekochi.com/ml/recycling/,കൊച്ചിയിൽ ഇ-മാലിന്യ റീസൈക്ലിംഗ് | സുരക്ഷിത ഇലക്ട്രോണിക്സ് നിർമാർജനം,service,ml-IN,true,true,true,true,true,false
/ml/sell-electronics/,https://www.ewastekochi.com/ml/sell-electronics/,കൊച്ചിയിൽ പഴയ ഇലക്ട്രോണിക്സ് വിൽക്കുക | തൽക്ഷണ ക്വോട്ട്,service,ml-IN,true,true,true,true,true,false
/ml/services/,https://www.ewastekochi.com/ml/services/,Services Malayalam Guide | Ewaste Kochi Indexed Service,service,ml-IN,true,true,true,true,false,false
/pickup/,https://www.ewastekochi.com/pickup/,E-Waste Pickup in Kochi | Doorstep Collection for Electronics,service,en-IN,true,true,true,true,true,false
/price-match-policy/,https://www.ewastekochi.com/price-match-policy/,Ewaste Kochi Price Match Policy | Refurbished Electronics,service,en-IN,true,true,true,true,false,false
/privacy-policy/,https://www.ewastekochi.com/privacy-policy/,Privacy Policy | Ewaste Kochi Legacy URL,legal,en-IN,true,true,true,true,false,false
/privacy/,https://www.ewastekochi.com/privacy/,Privacy Policy | Ewaste Kochi,legal,en-IN,true,true,true,true,true,false
/recycling/,https://www.ewastekochi.com/recycling/,"E-Waste Recycling in Kochi | Pickup, Process & Safe Disposal",service,en-IN,true,true,true,true,true,false
/sell-electronics/,https://www.ewastekochi.com/sell-electronics/,Sell Old Electronics in Kochi | Condition-Based Quote & Pickup,service,en-IN,true,true,true,true,true,false
/server-recycling-kochi/,https://www.ewastekochi.com/server-recycling-kochi/,"Server Recycling in Kochi | Racks, Drives & Network Equipment",service,en-IN,true,true,true,true,true,false
/services/,https://www.ewastekochi.com/services/,E-Waste & IT Asset Services in Kochi | Ewaste Kochi,core,en-IN,true,true,true,true,true,false
/services/air-conditioner-recycling-kochi/,https://www.ewastekochi.com/services/air-conditioner-recycling-kochi/,AC and Appliance Recycling | Ewaste Kochi Indexed Service,service,en-IN,true,true,true,true,false,false
/services/computer-recycling-near-me/,https://www.ewastekochi.com/services/computer-recycling-near-me/,Computer Recycling | Ewaste Kochi Indexed Service,service,en-IN,true,true,true,true,false,false
/services/electronics-recycling-near-me/,https://www.ewastekochi.com/services/electronics-recycling-near-me/,Electronics Recycling Near Me in Kochi | Find Local Pickup,service,en-IN,true,true,true,true,true,false
/services/hard-drive-degaussing-kochi/,https://www.ewastekochi.com/services/hard-drive-degaussing-kochi/,Hard Drive Degaussing in Kochi | Magnetic Data Erasure,service,en-IN,true,true,true,true,true,false
/services/it-asset-inventory-audit/,https://www.ewastekochi.com/services/it-asset-inventory-audit/,IT Asset Inventory Audit in Kochi | Pre-Disposal Asset Tracking,service,en-IN,true,true,true,true,true,false
/services/itad-for-it-companies/,https://www.ewastekochi.com/services/itad-for-it-companies/,ITAD Services for IT Companies in Kochi | Asset Disposal Planning,service,en-IN,true,true,true,true,true,false
/services/ups-inverter-recycling-kochi/,https://www.ewastekochi.com/services/ups-inverter-recycling-kochi/,UPS and Inverter Battery Recycling | Ewaste Kochi Indexed Service,service,en-IN,true,true,true,true,false,false
/terms/,https://www.ewastekochi.com/terms/,Terms of Service | Ewaste Kochi,legal,en-IN,true,true,true,true,true,false
/tools/,https://www.ewastekochi.com/tools/,E-Waste Tools & Calculators Kochi | Ewaste Kochi,core,en-IN,true,true,true,true,true,false
/tools/battery-safety-checker/,https://www.ewastekochi.com/tools/battery-safety-checker/,"Battery Safety Checker Kochi | Swollen, Leaking or Damaged Battery Guide",core,en-IN,true,true,true,true,true,false
/tools/data-destruction-cost-estimator/,https://www.ewastekochi.com/tools/data-destruction-cost-estimator/,"Data Destruction Cost Estimator Kochi | Wipe, Degauss or Shred",core,en-IN,true,true,true,true,true,false
/tools/pickup-eligibility-checker/,https://www.ewastekochi.com/tools/pickup-eligibility-checker/,E-Waste Pickup Eligibility Checker Kochi | Area & Item Planner,core,en-IN,true,true,true,true,true,false
/tools/scrap-value-calculator/,https://www.ewastekochi.com/tools/scrap-value-calculator/,E-Waste Scrap Value Calculator Kochi | Quote Planning Tool,core,en-IN,true,true,true,true,true,false
/tools/sell-or-recycle-decision-tool/,https://www.ewastekochi.com/tools/sell-or-recycle-decision-tool/,Sell or Recycle Electronics? Kochi Decision Tool,core,en-IN,true,true,true,true,true,false
/trust/,https://www.ewastekochi.com/trust/,Trust & Compliance | Ewaste Kochi,trust,en-IN,true,true,true,true,true,false
/tv-recycling-kochi/,https://www.ewastekochi.com/tv-recycling-kochi/,"TV Recycling in Kochi | LED, LCD & Old CRT Disposal",service,en-IN,true,true,true,true,true,false
