source,target,clicks,impressions,reason,status
/blogs/disposal,(see vercel.json),2,49,Already implemented as a redirect in vercel.json.,already_implemented
/blogs,(see vercel.json),1,26,Already implemented as a redirect in vercel.json.,already_implemented
/sell-electronics-kochi,/sell-electronics/,6,116,Clean keyword match to an existing V2 service page (6 clicks / 116 impressions).,proposed_new
/locations/edappally/certificate-of-destruction-kochi,(see vercel.json),0,1,Already implemented as a redirect in vercel.json.,already_implemented
/locations/thrikkakara/data-destruction-kochi,(see vercel.json),0,6,Already implemented as a redirect in vercel.json.,already_implemented
/locations/kottayam/e-waste-recycling-kochi,(see vercel.json),0,15,Already implemented as a redirect in vercel.json.,already_implemented
/locations/edappally/e-waste-recycling-kochi,(see vercel.json),1,18,Already implemented as a redirect in vercel.json.,already_implemented
/locations/kakkanad/ups-inverter-recycling-kochi,(see vercel.json),0,4,Already implemented as a redirect in vercel.json.,already_implemented
/services/tv-monitor-recycling-kochi,/tv-recycling-kochi/,1,22,Clean keyword match to an existing V2 service page (1 clicks / 22 impressions).,proposed_new
/services/free-ewaste-pickup-kochi,/pickup/,1,20,Clean keyword match to an existing V2 service page (1 clicks / 20 impressions).,proposed_new
/locations/smart-city-kochi/itad-kochi,(see vercel.json),2,7,Already implemented as a redirect in vercel.json.,already_implemented
/locations/thrippunithura/corporate-ewaste-kochi,(see vercel.json),1,9,Already implemented as a redirect in vercel.json.,already_implemented
/locations/smart-city-kochi/data-destruction-kochi,(see vercel.json),0,2,Already implemented as a redirect in vercel.json.,already_implemented
/locations/smart-city-kochi/tv-monitor-recycling-kochi,(see vercel.json),0,3,Already implemented as a redirect in vercel.json.,already_implemented
/locations/thrippunithura/e-waste-recycling-kochi,(see vercel.json),4,16,Already implemented as a redirect in vercel.json.,already_implemented
/locations/vyttila/free-ewaste-pickup-kochi,(see vercel.json),0,4,Already implemented as a redirect in vercel.json.,already_implemented
/locations/ernakulam-south/tv-monitor-recycling-kochi,(see vercel.json),0,7,Already implemented as a redirect in vercel.json.,already_implemented
/locations/kozhikode/free-ewaste-pickup-kochi,(see vercel.json),0,7,Already implemented as a redirect in vercel.json.,already_implemented
/locations/smart-city-kochi/hard-drive-shredding-kochi,(see vercel.json),0,2,Already implemented as a redirect in vercel.json.,already_implemented
/locations/infopark-kochi/corporate-ewaste-kochi,(see vercel.json),1,4,Already implemented as a redirect in vercel.json.,already_implemented
/locations/thrissur/itad-kochi,(see vercel.json),0,1,Already implemented as a redirect in vercel.json.,already_implemented
/locations/fort-kochi/tv-monitor-recycling-kochi,(see vercel.json),0,3,Already implemented as a redirect in vercel.json.,already_implemented
/locations/kalamassery/battery-recycling-kochi,(see vercel.json),0,1,Already implemented as a redirect in vercel.json.,already_implemented
/locations/kalamassery/e-waste-recycling-kochi,(see vercel.json),0,5,Already implemented as a redirect in vercel.json.,already_implemented
/locations/kalamassery/electronic-waste-disposal,(see vercel.json),3,22,Already implemented as a redirect in vercel.json.,already_implemented
/locations/kalady/free-ewaste-pickup-kochi,(see vercel.json),0,4,Already implemented as a redirect in vercel.json.,already_implemented
/locations/kalady/ups-inverter-recycling-kochi,(see vercel.json),0,5,Already implemented as a redirect in vercel.json.,already_implemented
/locations/thiruvananthapuram/ups-inverter-recycling-kochi,(see vercel.json),0,1,Already implemented as a redirect in vercel.json.,already_implemented
/locations/kakkanad/electronics-recycling-near-me,(see vercel.json),0,17,Already implemented as a redirect in vercel.json.,already_implemented
/locations/angamaly/itad-kochi,(see vercel.json),0,1,Already implemented as a redirect in vercel.json.,already_implemented
/locations/kadavanthra/data-destruction-kochi,(see vercel.json),0,9,Already implemented as a redirect in vercel.json.,already_implemented
/services/battery-recycling-kochi,(see vercel.json),5,400,Already implemented as a redirect in vercel.json.,already_implemented
/locations/edappally/server-recycling-kochi,(see vercel.json),0,1,Already implemented as a redirect in vercel.json.,already_implemented
/locations/thiruvananthapuram/itad-kochi,(see vercel.json),0,1,Already implemented as a redirect in vercel.json.,already_implemented
/locations/aluva/server-recycling-kochi,(see vercel.json),0,1,Already implemented as a redirect in vercel.json.,already_implemented
/locations/kalamassery/free-ewaste-pickup-kochi,(see vercel.json),3,21,Already implemented as a redirect in vercel.json.,already_implemented
/locations/perumbavoor/laptop-buyback-kochi,(see vercel.json),0,1,Already implemented as a redirect in vercel.json.,already_implemented
/locations/angamaly/server-recycling-kochi,(see vercel.json),0,1,Already implemented as a redirect in vercel.json.,already_implemented
/locations/perumbavoor/free-ewaste-pickup-kochi,(see vercel.json),0,2,Already implemented as a redirect in vercel.json.,already_implemented
/locations/kadavanthra/corporate-ewaste-kochi,(see vercel.json),1,11,Already implemented as a redirect in vercel.json.,already_implemented
/locations/kadavanthra/itad-kochi,(see vercel.json),0,3,Already implemented as a redirect in vercel.json.,already_implemented
/locations/kadavanthra/sell-electronics-kochi,(see vercel.json),2,46,Already implemented as a redirect in vercel.json.,already_implemented
/locations/kalady/tv-monitor-recycling-kochi,(see vercel.json),0,1,Already implemented as a redirect in vercel.json.,already_implemented
/locations/vyttila/certificate-of-destruction-kochi,(see vercel.json),0,1,Already implemented as a redirect in vercel.json.,already_implemented
/locations/palarivattom/ups-inverter-recycling-kochi,(see vercel.json),0,4,Already implemented as a redirect in vercel.json.,already_implemented
/locations/kothamangalam/e-waste-recycling-kochi,(see vercel.json),0,10,Already implemented as a redirect in vercel.json.,already_implemented
/locations/aluva/data-destruction-kochi,(see vercel.json),0,3,Already implemented as a redirect in vercel.json.,already_implemented
/locations/aluva/free-ewaste-pickup-kochi,(see vercel.json),1,15,Already implemented as a redirect in vercel.json.,already_implemented
/locations/thrikkakara/battery-recycling-kochi,(see vercel.json),0,3,Already implemented as a redirect in vercel.json.,already_implemented
/locations/thrikkakara/free-ewaste-pickup-kochi,(see vercel.json),0,31,Already implemented as a redirect in vercel.json.,already_implemented
/locations/kakkanad/corporate-ewaste-kochi,(see vercel.json),2,16,Already implemented as a redirect in vercel.json.,already_implemented
/locations/palakkad/electronic-waste-disposal,(see vercel.json),1,32,Already implemented as a redirect in vercel.json.,already_implemented
/locations/aluva/laptop-buyback-kochi,(see vercel.json),1,5,Already implemented as a redirect in vercel.json.,already_implemented
/locations/angamaly/battery-recycling-kochi,(see vercel.json),0,2,Already implemented as a redirect in vercel.json.,already_implemented
/locations/angamaly/e-waste-recycling-kochi,(see vercel.json),0,5,Already implemented as a redirect in vercel.json.,already_implemented
/locations/thrissur/laptop-buyback-kochi,(see vercel.json),0,3,Already implemented as a redirect in vercel.json.,already_implemented
/locations/fort-kochi/data-destruction-kochi,(see vercel.json),0,8,Already implemented as a redirect in vercel.json.,already_implemented
/locations/kannur/certificate-of-destruction-kochi,(see vercel.json),0,4,Already implemented as a redirect in vercel.json.,already_implemented
/locations/kannur/free-ewaste-pickup-kochi,(see vercel.json),0,7,Already implemented as a redirect in vercel.json.,already_implemented
/locations/kannur/laptop-buyback-kochi,(see vercel.json),0,1,Already implemented as a redirect in vercel.json.,already_implemented
/locations/ernakulam-south/dpdp-act-compliance-kochi,(see vercel.json),0,2,Already implemented as a redirect in vercel.json.,already_implemented
/locations/palarivattom/free-ewaste-pickup-kochi,(see vercel.json),0,14,Already implemented as a redirect in vercel.json.,already_implemented
/services/e-waste-recycling-kochi,(see vercel.json),2,193,Already implemented as a redirect in vercel.json.,already_implemented
/locations/kozhikode/sell-old-electronics,(see vercel.json),1,27,Already implemented as a redirect in vercel.json.,already_implemented
/locations/angamaly/free-ewaste-pickup-kochi,(see vercel.json),1,10,Already implemented as a redirect in vercel.json.,already_implemented
/locations/angamaly/ups-inverter-recycling-kochi,(see vercel.json),0,5,Already implemented as a redirect in vercel.json.,already_implemented
/locations/aluva/e-waste-recycling-kochi,(see vercel.json),0,20,Already implemented as a redirect in vercel.json.,already_implemented
/locations/aluva/ups-inverter-recycling-kochi,(see vercel.json),0,6,Already implemented as a redirect in vercel.json.,already_implemented
/locations/kollam/battery-recycling-kochi,(see vercel.json),1,47,Already implemented as a redirect in vercel.json.,already_implemented
/locations/kollam/free-ewaste-pickup-kochi,(see vercel.json),0,1,Already implemented as a redirect in vercel.json.,already_implemented
/locations/ernakulam-south/data-destruction-kochi,(see vercel.json),1,16,Already implemented as a redirect in vercel.json.,already_implemented
/locations/ernakulam-south/e-waste-recycling-kochi,(see vercel.json),0,11,Already implemented as a redirect in vercel.json.,already_implemented
/locations/palakkad/business-it-decommissioning,(see vercel.json),0,2,Already implemented as a redirect in vercel.json.,already_implemented
/locations/palakkad/mobile-recycling-kochi,/locations/palakkad/,1,4,Thin legacy matrix page with real clicks (1); parent location hub not built — redirect to closest matching service page or parent hub once it exists.,proposed_new
/locations/palakkad/sell-old-electronics,(see vercel.json),3,9,Already implemented as a redirect in vercel.json.,already_implemented
/locations/kalamassery/data-destruction-kochi,(see vercel.json),0,7,Already implemented as a redirect in vercel.json.,already_implemented
/locations/kalamassery/server-recycling-kochi,(see vercel.json),0,4,Already implemented as a redirect in vercel.json.,already_implemented
/locations/kannur/old-computer-disposal,/locations/kannur/,1,8,Thin legacy matrix page with real clicks (1); parent location hub not built — redirect to closest matching service page or parent hub once it exists.,proposed_new
/locations/vyttila/server-recycling-kochi,(see vercel.json),1,9,Already implemented as a redirect in vercel.json.,already_implemented
/locations/vyttila/tv-monitor-recycling-kochi,(see vercel.json),0,3,Already implemented as a redirect in vercel.json.,already_implemented
/locations/kottayam/free-ewaste-pickup-kochi,(see vercel.json),1,8,Already implemented as a redirect in vercel.json.,already_implemented
/locations/thrissur/e-waste-recycling-kochi,(see vercel.json),0,9,Already implemented as a redirect in vercel.json.,already_implemented
/locations/thrissur/free-ewaste-pickup-kochi,(see vercel.json),0,6,Already implemented as a redirect in vercel.json.,already_implemented
/locations/kozhikode/battery-recycling-kochi,(see vercel.json),0,124,Already implemented as a redirect in vercel.json.,already_implemented
/locations/kozhikode/itad-kochi,(see vercel.json),0,3,Already implemented as a redirect in vercel.json.,already_implemented
/locations/infopark-kochi/certificate-of-destruction-kochi,(see vercel.json),0,1,Already implemented as a redirect in vercel.json.,already_implemented
/locations/infopark-kochi/server-recycling-kochi,(see vercel.json),0,1,Already implemented as a redirect in vercel.json.,already_implemented
/locations/thiruvananthapuram/data-destruction-kochi,(see vercel.json),0,4,Already implemented as a redirect in vercel.json.,already_implemented
/locations/thiruvananthapuram/free-ewaste-pickup-kochi,(see vercel.json),0,12,Already implemented as a redirect in vercel.json.,already_implemented
/locations/thiruvananthapuram/tv-monitor-recycling-kochi,(see vercel.json),0,2,Already implemented as a redirect in vercel.json.,already_implemented
/locations/maradu/e-waste-recycling-kochi,(see vercel.json),0,8,Already implemented as a redirect in vercel.json.,already_implemented
/locations/kannur/battery-recycling-kochi,(see vercel.json),2,27,Already implemented as a redirect in vercel.json.,already_implemented
/locations/kothamangalam/battery-recycling-kochi,(see vercel.json),0,1,Already implemented as a redirect in vercel.json.,already_implemented
/locations/kakkanad/air-conditioner-recycling-kochi,(see vercel.json),0,3,Already implemented as a redirect in vercel.json.,already_implemented
/locations/thiruvananthapuram/e-waste-recycling-kochi,(see vercel.json),0,18,Already implemented as a redirect in vercel.json.,already_implemented
/locations/thiruvananthapuram/laptop-buyback-kochi,(see vercel.json),0,4,Already implemented as a redirect in vercel.json.,already_implemented
/locations/infopark-kochi/hard-drive-shredding-kochi,(see vercel.json),1,2,Already implemented as a redirect in vercel.json.,already_implemented
/locations/thrippunithura/tv-monitor-recycling-kochi,(see vercel.json),0,2,Already implemented as a redirect in vercel.json.,already_implemented
/locations/muvattupuzha/certificate-of-destruction-kochi,(see vercel.json),0,1,Already implemented as a redirect in vercel.json.,already_implemented
/locations/kalamassery-hitech-park/corporate-ewaste-kochi,(see vercel.json),0,2,Already implemented as a redirect in vercel.json.,already_implemented
/locations/kothamangalam/certificate-of-destruction-kochi,(see vercel.json),0,2,Already implemented as a redirect in vercel.json.,already_implemented
/locations/kothamangalam/free-ewaste-pickup-kochi,(see vercel.json),0,6,Already implemented as a redirect in vercel.json.,already_implemented
/locations/kothamangalam/ups-inverter-recycling-kochi,(see vercel.json),0,3,Already implemented as a redirect in vercel.json.,already_implemented
/locations/maradu/ups-inverter-recycling-kochi,(see vercel.json),0,1,Already implemented as a redirect in vercel.json.,already_implemented
/locations/willingdon-island/free-ewaste-pickup-kochi,(see vercel.json),0,2,Already implemented as a redirect in vercel.json.,already_implemented
/locations/kollam/printer-recycling-kochi,/locations/kollam/,1,2,Thin legacy matrix page with real clicks (1); parent location hub not built — redirect to closest matching service page or parent hub once it exists.,proposed_new
/locations/kakkanad/certificate-of-destruction-kochi,(see vercel.json),0,2,Already implemented as a redirect in vercel.json.,already_implemented
/locations/kakkanad/e-waste-recycling-kochi,(see vercel.json),2,13,Already implemented as a redirect in vercel.json.,already_implemented
/locations/kakkanad/server-recycling-kochi,(see vercel.json),0,2,Already implemented as a redirect in vercel.json.,already_implemented
/locations/north-paravur/tv-monitor-recycling-kochi,(see vercel.json),0,2,Already implemented as a redirect in vercel.json.,already_implemented
/locations/kozhikode/business-it-decommissioning,(see vercel.json),0,2,Already implemented as a redirect in vercel.json.,already_implemented
/locations/angamaly/air-conditioner-recycling-kochi,/locations/angamaly/,1,1,Thin legacy matrix page with real clicks (1); parent location hub not built — redirect to closest matching service page or parent hub once it exists.,proposed_new
/locations/palakkad/computer-recycling,(see vercel.json),1,31,Already implemented as a redirect in vercel.json.,already_implemented
/locations/ernakulam-south/air-conditioner-recycling-kochi,(see vercel.json),0,4,Already implemented as a redirect in vercel.json.,already_implemented
/locations/ernakulam-south/free-ewaste-pickup-kochi,(see vercel.json),0,8,Already implemented as a redirect in vercel.json.,already_implemented
/locations/ernakulam-south/hard-drive-shredding-kochi,(see vercel.json),0,5,Already implemented as a redirect in vercel.json.,already_implemented
/locations/ernakulam-south/laptop-buyback-kochi,(see vercel.json),0,7,Already implemented as a redirect in vercel.json.,already_implemented
/locations/ernakulam-south/mobile-recycling-kochi,(see vercel.json),0,5,Already implemented as a redirect in vercel.json.,already_implemented
/locations/palarivattom/data-destruction-kochi,(see vercel.json),0,1,Already implemented as a redirect in vercel.json.,already_implemented
/locations/palarivattom/e-waste-recycling-kochi,(see vercel.json),0,4,Already implemented as a redirect in vercel.json.,already_implemented
/locations/kalamassery/hard-drive-shredding-kochi,(see vercel.json),0,6,Already implemented as a redirect in vercel.json.,already_implemented
/locations/kalamassery/laptop-buyback-kochi,(see vercel.json),0,1,Already implemented as a redirect in vercel.json.,already_implemented
/locations/thrippunithura/sell-electronics-kochi,(see vercel.json),0,1,Already implemented as a redirect in vercel.json.,already_implemented
/services/itad-kochi,(see vercel.json),0,44,Already implemented as a redirect in vercel.json.,already_implemented
/locations/ernakulam-south/battery-recycling-kochi,(see vercel.json),1,11,Already implemented as a redirect in vercel.json.,already_implemented
/locations/ernakulam-south/hard-drive-destruction-kochi,(see vercel.json),0,15,Already implemented as a redirect in vercel.json.,already_implemented
/locations/ernakulam-south/ups-inverter-recycling-kochi,(see vercel.json),0,4,Already implemented as a redirect in vercel.json.,already_implemented
/locations/palarivattom/server-recycling-kochi,(see vercel.json),0,1,Already implemented as a redirect in vercel.json.,already_implemented
/locations/palakkad/e-waste-recycling-kochi,(see vercel.json),0,4,Already implemented as a redirect in vercel.json.,already_implemented
/locations/infopark-kochi/laptop-buyback-kochi,(see vercel.json),0,2,Already implemented as a redirect in vercel.json.,already_implemented
/locations/kozhikode/e-waste-recycling-kochi,(see vercel.json),1,26,Already implemented as a redirect in vercel.json.,already_implemented
/locations/infopark-kochi/electronic-waste-disposal,(see vercel.json),1,43,Already implemented as a redirect in vercel.json.,already_implemented
/locations/kalamassery/tv-monitor-recycling-kochi,(see vercel.json),0,2,Already implemented as a redirect in vercel.json.,already_implemented
/locations/malappuram/electronics-recycling-near-me,(see vercel.json),0,12,Already implemented as a redirect in vercel.json.,already_implemented
/locations/fort-kochi/itad-kochi,(see vercel.json),0,4,Already implemented as a redirect in vercel.json.,already_implemented
/locations/kothamangalam/laptop-recycling-near-me,(see vercel.json),0,4,Already implemented as a redirect in vercel.json.,already_implemented
/locations/kollam/hard-drive-shredding-kochi,(see vercel.json),0,2,Already implemented as a redirect in vercel.json.,already_implemented
/locations/kakkanad/data-destruction-kochi,(see vercel.json),1,5,Already implemented as a redirect in vercel.json.,already_implemented
/locations/kakkanad/free-ewaste-pickup-kochi,(see vercel.json),0,10,Already implemented as a redirect in vercel.json.,already_implemented
/locations/thrippunithura/battery-recycling-kochi,(see vercel.json),0,2,Already implemented as a redirect in vercel.json.,already_implemented
/locations/fort-kochi/free-ewaste-pickup-kochi,(see vercel.json),0,7,Already implemented as a redirect in vercel.json.,already_implemented
/locations/infopark-kochi/data-destruction-kochi,(see vercel.json),1,6,Already implemented as a redirect in vercel.json.,already_implemented
/locations/kakkanad/mobile-recycling-kochi,(see vercel.json),0,7,Already implemented as a redirect in vercel.json.,already_implemented
/locations/kozhikode/electronic-waste-disposal,(see vercel.json),2,37,Already implemented as a redirect in vercel.json.,already_implemented
/locations/thiruvananthapuram/server-recycling-kochi,(see vercel.json),0,2,Already implemented as a redirect in vercel.json.,already_implemented
/locations/kottayam/tv-monitor-recycling-kochi,(see vercel.json),0,4,Already implemented as a redirect in vercel.json.,already_implemented
/locations/kalamassery-hitech-park/e-waste-recycling-kochi,(see vercel.json),0,1,Already implemented as a redirect in vercel.json.,already_implemented
/locations/muvattupuzha/free-ewaste-pickup-kochi,(see vercel.json),0,2,Already implemented as a redirect in vercel.json.,already_implemented
/locations/palakkad/ups-inverter-recycling-kochi,(see vercel.json),1,2,Already implemented as a redirect in vercel.json.,already_implemented
/locations/thrissur/it-asset-inventory-audit,(see vercel.json),0,1,Already implemented as a redirect in vercel.json.,already_implemented
/locations/maradu/itad-kochi,(see vercel.json),0,4,Already implemented as a redirect in vercel.json.,already_implemented
/locations/kalamassery-hitech-park/tv-monitor-recycling-kochi,(see vercel.json),0,1,Already implemented as a redirect in vercel.json.,already_implemented
/locations/thiruvananthapuram/battery-recycling-kochi,(see vercel.json),0,97,Already implemented as a redirect in vercel.json.,already_implemented
/locations/maradu/free-ewaste-pickup-kochi,(see vercel.json),0,13,Already implemented as a redirect in vercel.json.,already_implemented
/locations/north-paravur/e-waste-recycling-kochi,(see vercel.json),0,5,Already implemented as a redirect in vercel.json.,already_implemented
/locations/kalamassery-hitech-park,(see vercel.json),0,43,Already implemented as a redirect in vercel.json.,already_implemented
/locations/kannur/tv-monitor-recycling-kochi,(see vercel.json),0,1,Already implemented as a redirect in vercel.json.,already_implemented
/locations/thiruvananthapuram/hard-drive-shredding-kochi,(see vercel.json),0,4,Already implemented as a redirect in vercel.json.,already_implemented
/locations/malappuram/e-waste-recycling-kochi,(see vercel.json),0,4,Already implemented as a redirect in vercel.json.,already_implemented
/locations/kalady/e-waste-recycling-kochi,(see vercel.json),0,3,Already implemented as a redirect in vercel.json.,already_implemented
/locations/muvattupuzha/e-waste-recycling-kochi,(see vercel.json),0,5,Already implemented as a redirect in vercel.json.,already_implemented
/locations/aluva/battery-recycling-kochi,(see vercel.json),0,2,Already implemented as a redirect in vercel.json.,already_implemented
/locations/kakkanad/tv-monitor-recycling-kochi,(see vercel.json),0,4,Already implemented as a redirect in vercel.json.,already_implemented
/locations/north-paravur/free-ewaste-pickup-kochi,(see vercel.json),0,5,Already implemented as a redirect in vercel.json.,already_implemented
/locations/malappuram/certificate-of-destruction-kochi,(see vercel.json),0,3,Already implemented as a redirect in vercel.json.,already_implemented
/locations/edappally/free-ewaste-pickup-kochi,(see vercel.json),0,2,Already implemented as a redirect in vercel.json.,already_implemented
/locations/kalady/data-destruction-kochi,(see vercel.json),0,1,Already implemented as a redirect in vercel.json.,already_implemented
/services/server-recycling-kochi,/server-recycling-kochi/,0,35,Clean keyword match to an existing V2 service page (0 clicks / 35 impressions).,proposed_new
/locations/thrissur/tv-monitor-recycling-kochi,(see vercel.json),1,2,Already implemented as a redirect in vercel.json.,already_implemented
/locations/maradu/hard-drive-shredding-kochi,(see vercel.json),0,4,Already implemented as a redirect in vercel.json.,already_implemented
/locations/edappally/tv-monitor-recycling-kochi,(see vercel.json),0,1,Already implemented as a redirect in vercel.json.,already_implemented
/locations/kalamassery/ups-inverter-recycling-kochi,(see vercel.json),0,1,Already implemented as a redirect in vercel.json.,already_implemented
/locations/kozhikode/tv-monitor-recycling-kochi,(see vercel.json),3,5,Already implemented as a redirect in vercel.json.,already_implemented
/locations/kakkanad/dpdp-act-compliance-kochi,(see vercel.json),0,1,Already implemented as a redirect in vercel.json.,already_implemented
/locations/maradu/electronic-waste-disposal,(see vercel.json),2,9,Already implemented as a redirect in vercel.json.,already_implemented
/ml/services/tv-monitor-recycling-kochi,/tv-recycling-kochi/,9,137,Clean keyword match to an existing V2 service page (9 clicks / 137 impressions).,proposed_new
/locations/kozhikode/server-recycling-kochi,(see vercel.json),0,1,Already implemented as a redirect in vercel.json.,already_implemented
/locations/perumbavoor/tv-monitor-recycling-kochi,(see vercel.json),0,1,Already implemented as a redirect in vercel.json.,already_implemented
/locations/kalamassery-hitech-park/itad-kochi,(see vercel.json),0,3,Already implemented as a redirect in vercel.json.,already_implemented
/services/hard-drive-shredding-kochi,/data-destruction/,0,47,Clean keyword match to an existing V2 service page (0 clicks / 47 impressions).,proposed_new
/locations/infopark-kochi/ups-inverter-recycling-kochi,(see vercel.json),0,1,Already implemented as a redirect in vercel.json.,already_implemented
/locations/thrippunithura/data-destruction-kochi,(see vercel.json),0,1,Already implemented as a redirect in vercel.json.,already_implemented
/locations/ernakulam-south/corporate-ewaste-kochi,(see vercel.json),0,2,Already implemented as a redirect in vercel.json.,already_implemented
/locations/palakkad/hard-drive-degaussing-kochi,(see vercel.json),0,1,Already implemented as a redirect in vercel.json.,already_implemented
/locations/thrikkakara/e-waste-recycling-kochi,(see vercel.json),0,5,Already implemented as a redirect in vercel.json.,already_implemented
/locations/smart-city-kochi/e-waste-recycling-kochi,(see vercel.json),0,2,Already implemented as a redirect in vercel.json.,already_implemented
/locations/kadavanthra/e-waste-recycling-kochi,(see vercel.json),0,3,Already implemented as a redirect in vercel.json.,already_implemented
/locations/north-paravur/hard-drive-shredding-kochi,(see vercel.json),0,1,Already implemented as a redirect in vercel.json.,already_implemented
/locations/vyttila/printer-recycling-kochi,(see vercel.json),1,2,Already implemented as a redirect in vercel.json.,already_implemented
/locations/kadavanthra/battery-recycling-kochi,(see vercel.json),0,1,Already implemented as a redirect in vercel.json.,already_implemented
/locations/thrissur/data-destruction-kochi,(see vercel.json),0,1,Already implemented as a redirect in vercel.json.,already_implemented
/locations/kalamassery-hitech-park/air-conditioner-recycling-kochi,(see vercel.json),0,1,Already implemented as a redirect in vercel.json.,already_implemented
/locations/aluva/itad-kochi,(see vercel.json),0,1,Already implemented as a redirect in vercel.json.,already_implemented
/locations/vyttila/e-waste-recycling-kochi,(see vercel.json),1,13,Already implemented as a redirect in vercel.json.,already_implemented
/locations/palakkad/hard-drive-destruction-kochi,(see vercel.json),0,6,Already implemented as a redirect in vercel.json.,already_implemented
/locations/kozhikode/laptop-recycling-near-me,(see vercel.json),0,3,Already implemented as a redirect in vercel.json.,already_implemented
/locations/kozhikode/hard-drive-degaussing-kochi,(see vercel.json),0,1,Already implemented as a redirect in vercel.json.,already_implemented
/locations/muvattupuzha/server-recycling-kochi,(see vercel.json),0,3,Already implemented as a redirect in vercel.json.,already_implemented
/locations/palakkad/battery-recycling-kochi,(see vercel.json),0,1,Already implemented as a redirect in vercel.json.,already_implemented
/locations/muvattupuzha/ups-inverter-recycling-kochi,(see vercel.json),0,2,Already implemented as a redirect in vercel.json.,already_implemented
/locations/muvattupuzha/battery-recycling-kochi,(see vercel.json),0,2,Already implemented as a redirect in vercel.json.,already_implemented
/ml/services/server-recycling-kochi,/server-recycling-kochi/,0,24,Clean keyword match to an existing V2 service page (0 clicks / 24 impressions).,proposed_new
/locations/willingdon-island/tv-monitor-recycling-kochi,(see vercel.json),1,2,Already implemented as a redirect in vercel.json.,already_implemented
/locations/muvattupuzha/data-destruction-kochi,(see vercel.json),0,1,Already implemented as a redirect in vercel.json.,already_implemented
/locations/palakkad/laptop-recycling-near-me,(see vercel.json),0,1,Already implemented as a redirect in vercel.json.,already_implemented
/locations/palakkad/tv-monitor-recycling-kochi,(see vercel.json),0,1,Already implemented as a redirect in vercel.json.,already_implemented
/locations/palakkad/free-ewaste-pickup-kochi,(see vercel.json),0,3,Already implemented as a redirect in vercel.json.,already_implemented
/locations/kadavanthra/tv-monitor-recycling-kochi,(see vercel.json),0,1,Already implemented as a redirect in vercel.json.,already_implemented
/locations/kalamassery-hitech-park/data-destruction-kochi,(see vercel.json),0,1,Already implemented as a redirect in vercel.json.,already_implemented
/locations/kottayam/laptop-buyback-kochi,(see vercel.json),0,2,Already implemented as a redirect in vercel.json.,already_implemented
/locations/perumbavoor/battery-recycling-kochi,(see vercel.json),0,1,Already implemented as a redirect in vercel.json.,already_implemented
/locations/vyttila/ups-inverter-recycling-kochi,(see vercel.json),0,1,Already implemented as a redirect in vercel.json.,already_implemented
/locations/north-paravur/ups-inverter-recycling-kochi,(see vercel.json),0,5,Already implemented as a redirect in vercel.json.,already_implemented
/locations/thrippunithura/server-recycling-kochi,(see vercel.json),0,2,Already implemented as a redirect in vercel.json.,already_implemented
/locations/vyttila/laptop-buyback-kochi,(see vercel.json),0,2,Already implemented as a redirect in vercel.json.,already_implemented
/locations/kalamassery/mobile-recycling-kochi,(see vercel.json),0,1,Already implemented as a redirect in vercel.json.,already_implemented
/locations/smart-city-kochi/certificate-of-destruction-kochi,(see vercel.json),0,3,Already implemented as a redirect in vercel.json.,already_implemented
/locations/kalamassery-hitech-park/server-recycling-kochi,(see vercel.json),0,2,Already implemented as a redirect in vercel.json.,already_implemented
/locations/thiruvananthapuram/certificate-of-destruction-kochi,(see vercel.json),0,3,Already implemented as a redirect in vercel.json.,already_implemented
/locations/thrissur/hard-drive-shredding-kochi,(see vercel.json),0,1,Already implemented as a redirect in vercel.json.,already_implemented
/locations/kakkanad/printer-recycling-kochi,(see vercel.json),0,1,Already implemented as a redirect in vercel.json.,already_implemented
/locations/kannur/hard-drive-shredding-kochi,(see vercel.json),0,1,Already implemented as a redirect in vercel.json.,already_implemented
/locations/infopark-kochi/e-waste-recycling-kochi,(see vercel.json),0,10,Already implemented as a redirect in vercel.json.,already_implemented
/locations/kakkanad/network-equipment-disposal-kochi,(see vercel.json),0,4,Already implemented as a redirect in vercel.json.,already_implemented
/locations/kannur/e-waste-recycling-kochi,(see vercel.json),0,9,Already implemented as a redirect in vercel.json.,already_implemented
/locations/kadavanthra/free-ewaste-pickup-kochi,(see vercel.json),0,5,Already implemented as a redirect in vercel.json.,already_implemented
/locations/kothamangalam/tv-monitor-recycling-kochi,(see vercel.json),0,1,Already implemented as a redirect in vercel.json.,already_implemented
/locations/palarivattom/itad-kochi,(see vercel.json),0,1,Already implemented as a redirect in vercel.json.,already_implemented
/locations/vyttila/data-destruction-kochi,(see vercel.json),0,2,Already implemented as a redirect in vercel.json.,already_implemented
/locations/willingdon-island/ups-inverter-recycling-kochi,(see vercel.json),0,2,Already implemented as a redirect in vercel.json.,already_implemented
/locations/kottayam/hard-drive-shredding-kochi,(see vercel.json),0,1,Already implemented as a redirect in vercel.json.,already_implemented
/locations/kozhikode/laptop-buyback-kochi,(see vercel.json),0,2,Already implemented as a redirect in vercel.json.,already_implemented
/locations/ernakulam-south/printer-recycling-kochi,(see vercel.json),0,2,Already implemented as a redirect in vercel.json.,already_implemented
/locations/malappuram/data-destruction-kochi,(see vercel.json),0,4,Already implemented as a redirect in vercel.json.,already_implemented
/locations/perumbavoor/e-waste-recycling-kochi,(see vercel.json),1,10,Already implemented as a redirect in vercel.json.,already_implemented
/locations/ernakulam-south/network-equipment-disposal-kochi,(see vercel.json),0,5,Already implemented as a redirect in vercel.json.,already_implemented
/locations/vyttila/battery-recycling-kochi,(see vercel.json),0,1,Already implemented as a redirect in vercel.json.,already_implemented
/locations/malappuram/itad-kochi,(see vercel.json),0,2,Already implemented as a redirect in vercel.json.,already_implemented
/locations/kakkanad/hard-drive-shredding-kochi,(see vercel.json),0,7,Already implemented as a redirect in vercel.json.,already_implemented
/locations/perumbavoor/server-recycling-kochi,(see vercel.json),0,1,Already implemented as a redirect in vercel.json.,already_implemented
/locations/kothamangalam/server-recycling-kochi,(see vercel.json),0,1,Already implemented as a redirect in vercel.json.,already_implemented
/locations/thrikkakara/server-recycling-kochi,(see vercel.json),0,1,Already implemented as a redirect in vercel.json.,already_implemented
/services/data-destruction-kochi,(see vercel.json),0,14,Already implemented as a redirect in vercel.json.,already_implemented
/locations/malappuram/server-recycling-kochi,(see vercel.json),0,2,Already implemented as a redirect in vercel.json.,already_implemented
/locations/kalamassery-hitech-park/printer-recycling-kochi,(see vercel.json),0,1,Already implemented as a redirect in vercel.json.,already_implemented
/locations/maradu/data-destruction-kochi,(see vercel.json),0,5,Already implemented as a redirect in vercel.json.,already_implemented
/locations/kollam/e-waste-recycling-kochi,(see vercel.json),0,14,Already implemented as a redirect in vercel.json.,already_implemented
/locations/kannur/itad-kochi,(see vercel.json),0,5,Already implemented as a redirect in vercel.json.,already_implemented
/locations/ernakulam-south/server-recycling-kochi,(see vercel.json),0,1,Already implemented as a redirect in vercel.json.,already_implemented
/locations/kakkanad/itad-kochi,(see vercel.json),0,3,Already implemented as a redirect in vercel.json.,already_implemented
/locations/muvattupuzha/laptop-buyback-kochi,(see vercel.json),0,2,Already implemented as a redirect in vercel.json.,already_implemented
/locations/kannur/data-destruction-kochi,(see vercel.json),0,1,Already implemented as a redirect in vercel.json.,already_implemented
/locations/fort-kochi/hard-drive-shredding-kochi,(see vercel.json),0,3,Already implemented as a redirect in vercel.json.,already_implemented
/locations/edappally/laptop-buyback-kochi,(see vercel.json),0,3,Already implemented as a redirect in vercel.json.,already_implemented
/locations/palarivattom/battery-recycling-kochi,(see vercel.json),0,3,Already implemented as a redirect in vercel.json.,already_implemented
/locations/maradu/tv-monitor-recycling-kochi,(see vercel.json),0,1,Already implemented as a redirect in vercel.json.,already_implemented
/locations/thrippunithura/itad-kochi,(see vercel.json),0,3,Already implemented as a redirect in vercel.json.,already_implemented
/locations/palakkad/itad-kochi,(see vercel.json),1,1,Already implemented as a redirect in vercel.json.,already_implemented
/locations/kalamassery/corporate-ewaste-kochi,(see vercel.json),1,12,Already implemented as a redirect in vercel.json.,already_implemented
/locations/north-paravur/laptop-buyback-kochi,(see vercel.json),0,1,Already implemented as a redirect in vercel.json.,already_implemented
/locations/kadavanthra/laptop-buyback-kochi,(see vercel.json),0,1,Already implemented as a redirect in vercel.json.,already_implemented
/locations/willingdon-island/e-waste-recycling-kochi,(see vercel.json),0,4,Already implemented as a redirect in vercel.json.,already_implemented
/locations/ernakulam-south/itad-kochi,(see vercel.json),0,18,Already implemented as a redirect in vercel.json.,already_implemented
/locations/perumbavoor/ups-inverter-recycling-kochi,(see vercel.json),0,2,Already implemented as a redirect in vercel.json.,already_implemented
/services/corporate-ewaste-kochi,/itad/,1,11,Clean keyword match to an existing V2 service page (1 clicks / 11 impressions).,proposed_new
/locations/maradu/server-recycling-kochi,(see vercel.json),0,3,Already implemented as a redirect in vercel.json.,already_implemented
/locations/vyttila/electronics-recycling-near-me,(see vercel.json),0,1,Already implemented as a redirect in vercel.json.,already_implemented
/locations/north-paravur/sell-electronics-kochi,(see vercel.json),0,4,Already implemented as a redirect in vercel.json.,already_implemented
/locations/malappuram/sell-old-electronics,(see vercel.json),0,13,Already implemented as a redirect in vercel.json.,already_implemented
/locations/kozhikode/hard-drive-shredding-kochi,(see vercel.json),0,2,Already implemented as a redirect in vercel.json.,already_implemented
/locations/kadavanthra/electronic-waste-disposal,(see vercel.json),0,7,Already implemented as a redirect in vercel.json.,already_implemented
/locations/kannur/hard-drive-destruction-kochi,(see vercel.json),0,7,Already implemented as a redirect in vercel.json.,already_implemented
/locations/thrippunithura/computer-recycling,(see vercel.json),0,2,Already implemented as a redirect in vercel.json.,already_implemented
/locations/palarivattom/hard-drive-degaussing-kochi,(see vercel.json),0,1,Already implemented as a redirect in vercel.json.,already_implemented
/locations/kakkanad/hard-drive-destruction-kochi,(see vercel.json),0,10,Already implemented as a redirect in vercel.json.,already_implemented
/locations/smart-city-kochi/hard-drive-destruction-kochi,(see vercel.json),0,3,Already implemented as a redirect in vercel.json.,already_implemented
/locations/thrissur/server-recycling-kochi,(see vercel.json),0,1,Already implemented as a redirect in vercel.json.,already_implemented
/scrap-price,(see vercel.json),0,27,Already implemented as a redirect in vercel.json.,already_implemented
/locations/aluva/sell-electronics-kochi,(see vercel.json),0,5,Already implemented as a redirect in vercel.json.,already_implemented
/locations/infopark-kochi/itad-kochi,(see vercel.json),0,13,Already implemented as a redirect in vercel.json.,already_implemented
/locations/kalady/itad-kochi,(see vercel.json),0,1,Already implemented as a redirect in vercel.json.,already_implemented
/locations/kozhikode/data-destruction-kochi,(see vercel.json),0,2,Already implemented as a redirect in vercel.json.,already_implemented
/blog/sell-old-laptop-kochi-best-price,(see vercel.json),0,0,Already implemented as a redirect in vercel.json.,already_implemented
/free-e-waste-pickup-kochi,(see vercel.json),0,0,Already implemented as a redirect in vercel.json.,already_implemented
/locations/ernakulam,(see vercel.json),0,0,Already implemented as a redirect in vercel.json.,already_implemented
/locations/kollam/tv-monitor-recycling-kochi,(see vercel.json),1,2,Already implemented as a redirect in vercel.json.,already_implemented
/locations/thrissur/battery-recycling-kochi,(see vercel.json),0,65,Already implemented as a redirect in vercel.json.,already_implemented
/locations/malappuram/battery-recycling-kochi,(see vercel.json),0,25,Already implemented as a redirect in vercel.json.,already_implemented
/buyback/laptops/sell-thinkpad-t458p-kochi,/sell-electronics/,0,22,Clean keyword match to an existing V2 service page (0 clicks / 22 impressions).,proposed_new
/nist-data-destruction-kerala,/data-destruction/,0,20,Clean keyword match to an existing V2 service page (0 clicks / 20 impressions).,proposed_new
/data-destruction-services-kochi,(see vercel.json),0,16,Already implemented as a redirect in vercel.json.,already_implemented
/e-waste-recycling,(see vercel.json),0,11,Already implemented as a redirect in vercel.json.,already_implemented
/locations/thrippunithura/free-ewaste-pickup-kochi,(see vercel.json),0,7,Already implemented as a redirect in vercel.json.,already_implemented
/locations/fort-kochi/e-waste-recycling-kochi,(see vercel.json),0,6,Already implemented as a redirect in vercel.json.,already_implemented
/locations/kottayam/battery-recycling-kochi,(see vercel.json),0,3,Already implemented as a redirect in vercel.json.,already_implemented
/locations/smart-city-kochi/free-ewaste-pickup-kochi,(see vercel.json),0,3,Already implemented as a redirect in vercel.json.,already_implemented
/locations/kothamangalam/itad-kochi,(see vercel.json),0,3,Already implemented as a redirect in vercel.json.,already_implemented
/locations/perumbavoor/itad-kochi,(see vercel.json),0,3,Already implemented as a redirect in vercel.json.,already_implemented
/locations/kollam/certificate-of-destruction-kochi,(see vercel.json),0,2,Already implemented as a redirect in vercel.json.,already_implemented
/locations/palakkad/laptop-buyback-kochi,(see vercel.json),0,2,Already implemented as a redirect in vercel.json.,already_implemented
/locations/kalady/server-recycling-kochi,(see vercel.json),0,2,Already implemented as a redirect in vercel.json.,already_implemented
/locations/edappally/battery-recycling-kochi,(see vercel.json),0,2,Already implemented as a redirect in vercel.json.,already_implemented
/locations/ernakulam-south/certificate-of-destruction-kochi,(see vercel.json),0,2,Already implemented as a redirect in vercel.json.,already_implemented
/locations/kadavanthra/ups-inverter-recycling-kochi,(see vercel.json),0,1,Already implemented as a redirect in vercel.json.,already_implemented
/locations/kalady/battery-recycling-kochi,(see vercel.json),0,1,Already implemented as a redirect in vercel.json.,already_implemented
/locations/infopark-kochi/battery-recycling-kochi,(see vercel.json),0,1,Already implemented as a redirect in vercel.json.,already_implemented
/locations/willingdon-island/server-recycling-kochi,(see vercel.json),0,1,Already implemented as a redirect in vercel.json.,already_implemented
/locations/kottayam/itad-kochi,(see vercel.json),0,1,Already implemented as a redirect in vercel.json.,already_implemented
/locations/thrikkakara/hard-drive-shredding-kochi,(see vercel.json),0,1,Already implemented as a redirect in vercel.json.,already_implemented
/locations/thrippunithura/ups-inverter-recycling-kochi,(see vercel.json),0,1,Already implemented as a redirect in vercel.json.,already_implemented
/locations/north-paravur/battery-recycling-kochi,(see vercel.json),0,1,Already implemented as a redirect in vercel.json.,already_implemented
/locations/kalamassery/certificate-of-destruction-kochi,(see vercel.json),0,1,Already implemented as a redirect in vercel.json.,already_implemented
/locations/kollam/server-recycling-kochi,(see vercel.json),0,1,Already implemented as a redirect in vercel.json.,already_implemented
/locations/edappally/itad-kochi,(see vercel.json),0,1,Already implemented as a redirect in vercel.json.,already_implemented
/locations/thrissur/certificate-of-destruction-kochi,(see vercel.json),0,1,Already implemented as a redirect in vercel.json.,already_implemented
