path,in_metadata,in_built,in_sitemap,in_content_index,in_ai_sitemap,in_llms,is_redirect_source
/,true,true,true,true,true,true,false
/about/,true,true,true,true,true,true,false
/battery-recycling/,true,true,true,true,true,true,false
/blog/,true,true,true,true,true,true,false
/blog/ac-scrap-price-kerala/,true,true,true,true,true,false,false
/blog/access-control-device-disposal/,true,true,true,true,true,false,false
/blog/accessory-sorting-checklist/,true,true,true,true,true,false,false
/blog/affordable-it-asset-disposition-in-kalamassery-complete-pricing-kalamassery/,true,true,true,true,true,false,false
/blog/annual-e-waste-cleanout-plan/,true,true,true,true,true,false,false
/blog/apartment-battery-collection-safety/,true,true,true,true,true,false,false
/blog/apartment-ewaste-collection-kochi/,true,true,true,true,true,false,false
/blog/appliance-e-waste/,true,true,true,true,true,false,false
/blog/area-based-pickup-checklist/,true,true,true,true,true,false,false
/blog/asset-list-for-server-recycling/,true,true,true,true,true,false,false
/blog/asset-list-template-for-e-waste-pickup/,true,true,true,true,true,false,false
/blog/avoiding-informal-business-e-waste-disposal/,true,true,true,true,true,false,false
/blog/awareness-poster-ideas-for-e-waste-drives/,true,true,true,true,true,false,false
/blog/battery-bank-cleanup-guide/,true,true,true,true,true,false,false
/blog/battery-disposal-india/,true,true,true,true,true,false,false
/blog/battery-disposal-mistakes-to-avoid/,true,true,true,true,true,false,false
/blog/battery-disposal-safety-checklist-kochi/,true,true,true,true,true,false,false
/blog/battery-pickup-for-bulk-quantities/,true,true,true,true,true,false,false
/blog/battery-pickup-for-offices-and-ups-rooms/,true,true,true,true,true,false,false
/blog/battery-recycling-during-monsoon-kochi/,true,true,true,true,true,false,false
/blog/battery-recycling-faq-for-kochi-residents/,true,true,true,true,true,false,false
/blog/battery-recycling-for-apartments-and-flats/,true,true,true,true,true,false,false
/blog/battery-recycling-for-small-businesses/,true,true,true,true,true,false,false
/blog/battery-recycling-near-me-kochi/,true,true,true,true,true,true,false
/blog/battery-recycling-options-in-kochi-which-to-choose-kochi/,true,true,true,true,true,false,false
/blog/battery-recycling/,true,true,true,true,true,true,false
/blog/battery-safety-before-ewaste-pickup/,true,true,true,true,true,false,false
/blog/battery-safety-for-power-backup-systems/,true,true,true,true,true,false,false
/blog/battery-scrap-quote-factors/,true,true,true,true,true,false,false
/blog/battery-waste-rules-for-users/,true,true,true,true,true,false,false
/blog/battery-waste-vs-e-waste/,true,true,true,true,true,false,false
/blog/best-e-waste-recycling-kochi/,true,true,true,true,true,false,false
/blog/best-scrap-dealers-kochi-electronics/,true,true,true,true,true,false,false
/blog/best-way-to-e-waste-collection-in-ernakulam-2026-ernakulam/,true,true,true,true,true,false,false
/blog/biometric-device-recycling/,true,true,true,true,true,false,false
/blog/broken-electronics-recycling/,true,true,true,true,true,false,false
/blog/broken-electronics-value-recycling-kochi/,true,true,true,true,true,false,false
/blog/broken-screen-disposal-safety/,true,true,true,true,true,false,false
/blog/broken-smartphone-recycling/,true,true,true,true,true,false,false
/blog/bulk-cable-pickup-for-offices/,true,true,true,true,true,false,false
/blog/bulk-e-waste-disposal-kochi/,true,true,true,true,true,false,false
/blog/bulk-e-waste-pickup-for-companies/,true,true,true,true,true,false,false
/blog/bulk-electronics-pickup-list/,true,true,true,true,true,false,false
/blog/bulk-electronics-quote-guide/,true,true,true,true,true,false,false
/blog/bulk-office-electronics-scrap/,true,true,true,true,true,false,false
/blog/bulk-pickup-for-flats-and-societies/,true,true,true,true,true,false,false
/blog/bulk-pickup-preparation-for-businesses/,true,true,true,true,true,false,false
/blog/bulk-ups-and-battery-pickup-for-offices/,true,true,true,true,true,false,false
/blog/business-e-waste-documentation-terms/,true,true,true,true,true,false,false
/blog/business-pickup-scheduling/,true,true,true,true,true,false,false
/blog/business-printer-disposal-guide/,true,true,true,true,true,false,false
/blog/business-recycling-documentation-basics/,true,true,true,true,true,false,false
/blog/business-server-disposal-questions/,true,true,true,true,true,false,false
/blog/cable-adapter-and-charger-sorting-tips/,true,true,true,true,true,false,false
/blog/cable-and-wire-recycling-faq/,true,true,true,true,true,false,false
/blog/cable-recycling-checklist/,true,true,true,true,true,false,false
/blog/cable-recycling-for-offices/,true,true,true,true,true,false,false
/blog/cable-recycling-for-shops/,true,true,true,true,true,false,false
/blog/cable-recycling-kochi/,true,true,true,true,true,false,false
/blog/cable-recycling-mistakes-to-avoid/,true,true,true,true,true,false,false
/blog/cables-and-components-value-guide/,true,true,true,true,true,false,false
/blog/camera-and-recorder-pickup-checklist/,true,true,true,true,true,false,false
/blog/camera-battery-disposal/,true,true,true,true,true,false,false
/blog/can-apartments-book-e-waste-pickup-in-kochi/,true,true,true,true,true,false,false
/blog/can-damaged-screens-be-recycled/,true,true,true,true,true,false,false
/blog/cctv-cable-and-adapter-recycling/,true,true,true,true,true,false,false
/blog/cctv-data-destruction-questions/,true,true,true,true,true,false,false
/blog/cctv-disposal-guide-for-kochi-users/,true,true,true,true,true,false,false
/blog/cctv-equipment-recycling-kochi/,true,true,true,true,true,false,false
/blog/cctv-recycling-faq/,true,true,true,true,true,false,false
/blog/cctv-recycling-for-apartments/,true,true,true,true,true,false,false
/blog/cctv-recycling-for-offices/,true,true,true,true,true,false,false
/blog/chain-of-custody-in-it-asset-disposal/,true,true,true,true,true,false,false
/blog/charger-and-adapter-safety/,true,true,true,true,true,false,false
/blog/charger-and-cable-recycling/,true,true,true,true,true,false,false
/blog/charger-recycling-guide/,true,true,true,true,true,false,false
/blog/charging-cable-waste-guide/,true,true,true,true,true,false,false
/blog/collection-checklist-for-apartment-associations/,true,true,true,true,true,false,false
/blog/collection-day-safety-checklist/,true,true,true,true,true,false,false
/blog/collection-planning-for-gated-communities/,true,true,true,true,true,false,false
/blog/common-e-waste-items-found-in-homes/,true,true,true,true,true,false,false
/blog/common-mistakes-old-electronics/,true,true,true,true,true,false,false
/blog/community-e-waste-drive-checklist/,true,true,true,true,true,false,false
/blog/community-electronics-recycling-faq/,true,true,true,true,true,false,false
/blog/community-recycling-questions-to-ask/,true,true,true,true,true,false,false
/blog/comparing-recycling-and-resale-options/,true,true,true,true,true,false,false
/blog/compliance-questions-before-bulk-pickup/,true,true,true,true,true,false,false
/blog/computer-cable-recycling-guide/,true,true,true,true,true,false,false
/blog/computer-recycling-for-apartments/,true,true,true,true,true,false,false
/blog/computer-recycling-for-students-and-home-users/,true,true,true,true,true,false,false
/blog/computer-recycling-guide-for-offices/,true,true,true,true,true,false,false
/blog/computer-recycling-in-kochi/,true,true,true,true,true,false,false
/blog/computer-recycling-mistakes-to-avoid/,true,true,true,true,true,false,false
/blog/computer-scrap-buyers-in-kochi/,true,true,true,true,true,false,false
/blog/computer-scrap-dealers-kochi/,true,true,true,true,true,false,false
/blog/computer-scrap-price-guide/,true,true,true,true,true,false,false
/blog/computer-scrap-quote-factors/,true,true,true,true,true,false,false
/blog/copier-disposal-for-offices/,true,true,true,true,true,false,false
/blog/copier-photocopier-recycling-kochi/,true,true,true,true,true,false,false
/blog/copper-wire-scrap-quote-factors/,true,true,true,true,true,false,false
/blog/corporate-data-destruction-services/,true,true,true,true,true,false,false
/blog/corporate-e-waste-checklist/,true,true,true,true,true,false,false
/blog/corporate-e-waste-collection-solutions-in-vyttila-vyttila/,true,true,true,true,true,false,false
/blog/corporate-electronics-recycling-faq/,true,true,true,true,true,false,false
/blog/corporate-ewaste-compliance-90-day-checklist/,true,true,true,true,true,false,false
/blog/corporate-ewaste-pickup-kochi/,true,true,true,true,true,true,false
/blog/corporate-ewaste/,true,true,true,true,true,true,false
/blog/corporate-itad-readiness-guide/,true,true,true,true,true,false,false
/blog/cost-of-data-destruction-in-edappally-2/,true,true,true,true,true,false,false
/blog/damaged-inverter-battery-safety/,true,true,true,true,true,false,false
/blog/damaged-power-bank-safety/,true,true,true,true,true,false,false
/blog/data-center-equipment-disposal-basics/,true,true,true,true,true,false,false
/blog/data-destruction-faq-for-kochi-businesses/,true,true,true,true,true,false,false
/blog/data-destruction-for-server-storage/,true,true,true,true,true,false,false
/blog/data-destruction-kochi-guide/,true,true,true,true,true,true,false
/blog/data-destruction/,true,true,true,true,true,true,false
/blog/data-safety-before-laptop-recycling/,true,true,true,true,true,false,false
/blog/data-safety-before-selling-phone/,true,true,true,true,true,false,false
/blog/data-safety-checklist-before-recycling-devices/,true,true,true,true,true,false,false
/blog/data-safety-for-community-e-waste-drives/,true,true,true,true,true,false,false
/blog/data-safety-for-dvrs-and-nvrs/,true,true,true,true,true,false,false
/blog/data-security-disposal-checklist-kochi/,true,true,true,true,true,false,false
/blog/data-security-questions-before-corporate-pickup/,true,true,true,true,true,false,false
/blog/desktop-cpu-disposal-kochi/,true,true,true,true,true,false,false
/blog/display-device-recycling-questions/,true,true,true,true,true,false,false
/blog/documentation-for-business-e-waste-pickup/,true,true,true,true,true,false,false
/blog/doorstep-ewaste-collection-homes-offices/,true,true,true,true,true,false,false
/blog/dpdp-act-2023-it-disposal-compliance/,true,true,true,true,true,false,false
/blog/dvr-and-nvr-disposal-guide/,true,true,true,true,true,false,false
/blog/e-waste-awareness-guide-for-residents/,true,true,true,true,true,false,false
/blog/e-waste-collection-for-kochi-offices/,true,true,true,true,true,false,false
/blog/e-waste-collection-near-me-kochi/,true,true,true,true,true,false,false
/blog/e-waste-collection-near-me/,true,true,true,true,true,true,false
/blog/e-waste-collection-problems-kalamassery/,true,true,true,true,true,false,false
/blog/e-waste-examples/,true,true,true,true,true,true,false
/blog/e-waste-laws-in-kalamassery-complete-guide-kalamassery-3-3/,true,true,true,true,true,false,false
/blog/e-waste-laws-in-kochi-complete-guide-kochi-1/,true,true,true,true,true,false,false
/blog/e-waste-laws-in-north-paravur-complete-guide-north-paravur/,true,true,true,true,true,false,false
/blog/e-waste-legal-basics-without-jargon/,true,true,true,true,true,false,false
/blog/e-waste-management-it-companies/,true,true,true,true,true,false,false
/blog/e-waste-management-rules-2022/,true,true,true,true,true,true,false
/blog/e-waste-pickup-faq-for-first-time-users/,true,true,true,true,true,false,false
/blog/e-waste-pickup-for-co-working-spaces/,true,true,true,true,true,false,false
/blog/e-waste-pickup-for-kochi-flats/,true,true,true,true,true,false,false
/blog/e-waste-pickup-near-apartments-in-kochi/,true,true,true,true,true,false,false
/blog/e-waste-pickup-near-business-areas/,true,true,true,true,true,false,false
/blog/e-waste-pickup-near-tech-parks-in-kochi/,true,true,true,true,true,false,false
/blog/e-waste-preparation-faq/,true,true,true,true,true,false,false
/blog/e-waste-recycling-kakkanad-kochi/,true,true,true,true,true,false,false
/blog/e-waste-recycling-kalamassery-kochi/,true,true,true,true,true,false,false
/blog/e-waste-recycling-process/,true,true,true,true,true,false,false
/blog/e-waste-reduction-checklist/,true,true,true,true,true,false,false
/blog/e-waste-rules-2022-compliance-checklist-kochi/,true,true,true,true,true,false,false
/blog/e-waste-rules-for-first-time-readers/,true,true,true,true,true,false,false
/blog/e-waste-scrap-quote-faq/,true,true,true,true,true,false,false
/blog/earbuds-and-headphones-disposal/,true,true,true,true,true,false,false
/blog/economic-benefits-of-data-destruction-in-ernakulam-ernakulam/,true,true,true,true,true,false,false
/blog/economic-benefits-of-e-waste-collection-in-kalamassery-kalamassery/,true,true,true,true,true,false,false
/blog/electronic-waste-collection-near-me-kochi/,true,true,true,true,true,false,false
/blog/electronic-waste-disposal-kerala/,true,true,true,true,true,false,false
/blog/electronics-accessories-recycling/,true,true,true,true,true,false,false
/blog/electronics-collection-guide-for-resident-groups/,true,true,true,true,true,false,false
/blog/electronics-desk-cleanout-checklist/,true,true,true,true,true,false,false
/blog/electronics-disposal-apartments-kochi/,true,true,true,true,true,false,false
/blog/electronics-recycling-near-kochi-metro-areas/,true,true,true,true,true,false,false
/blog/electronics-resale-checklist-for-kochi-users/,true,true,true,true,true,false,false
/blog/electronics-waste-and-household-safety/,true,true,true,true,true,false,false
/blog/enterprise-it-asset-pickup-planning/,true,true,true,true,true,false,false
/blog/enterprise-it-scrap-recycling/,true,true,true,true,true,false,false
/blog/enterprise-monitor-recycling-in-angamaly-angamaly/,true,true,true,true,true,false,false
/blog/environmental-impact-ewaste/,true,true,true,true,true,false,false
/blog/environmental-impact-of-e-waste/,true,true,true,true,true,false,false
/blog/epr-compliance-checklist-india-kochi/,true,true,true,true,true,false,false
/blog/esg-ewaste-reporting-template-kochi/,true,true,true,true,true,false,false
/blog/ewaste-business-startup-cost-calculator/,true,true,true,true,true,false,false
/blog/ewaste-collection-near-me-kochi/,true,true,true,true,true,false,false
/blog/ewaste-donation-reuse-guide-kochi/,true,true,true,true,true,false,false
/blog/ewaste-office-relocation-readiness-kochi/,true,true,true,true,true,false,false
/blog/ewaste-pickup-ernakulam-south/,true,true,true,true,true,false,false
/blog/ewaste-pickup-heavy-electronics/,true,true,true,true,true,false,false
/blog/ewaste-pickup-home-cleanouts-kochi/,true,true,true,true,true,false,false
/blog/ewaste-pickup-housing-societies-kochi/,true,true,true,true,true,false,false
/blog/ewaste-pickup-kakkanad/,true,true,true,true,true,false,false
/blog/ewaste-pickup-kalamassery/,true,true,true,true,true,false,false
/blog/ewaste-pickup-near-me/,true,true,true,true,true,true,false
/blog/ewaste-pickup-small-offices-kochi/,true,true,true,true,true,false,false
/blog/ewaste-recycling-for-families-kochi/,true,true,true,true,true,false,false
/blog/ewaste-recycling-guide-kochi-residents/,true,true,true,true,true,false,false
/blog/ewaste-recycling-myths-facts/,true,true,true,true,true,false,false
/blog/ewaste-recycling-students-kochi/,true,true,true,true,true,false,false
/blog/ewaste-recycling-vs-reuse/,true,true,true,true,true,true,false
/blog/family-e-waste-cleanup-day/,true,true,true,true,true,false,false
/blog/final-checklist-before-handing-over-electronics/,true,true,true,true,true,false,false
/blog/free-e-waste-pickup-kochi/,true,true,true,true,true,true,false
/blog/free-laptop-recycling-kochi/,true,true,true,true,true,false,false
/blog/gadget-recycling-for-apartments/,true,true,true,true,true,false,false
/blog/hard-drive-destruction-certificate-template/,true,true,true,true,true,false,false
/blog/hard-drive-disposal-data-safety-kochi/,true,true,true,true,true,false,false
/blog/hard-drive-disposal-guide/,true,true,true,true,true,false,false
/blog/hard-drive-shredding-kochi/,true,true,true,true,true,false,false
/blog/hard-drive-shredding-vs-degaussing/,true,true,true,true,true,false,false
/blog/hdd-vs-ssd-destruction/,true,true,true,true,true,false,false
/blog/home-appliance-ewaste-guide-kochi/,true,true,true,true,true,false,false
/blog/home-backup-battery-disposal/,true,true,true,true,true,false,false
/blog/home-computer-cleanout-checklist/,true,true,true,true,true,false,false
/blog/home-electronics-cleanout-guide/,true,true,true,true,true,false,false
/blog/home-security-device-disposal/,true,true,true,true,true,false,false
/blog/housing-society-e-waste-pickup-guide/,true,true,true,true,true,false,false
/blog/how-broken-electronics-are-valued/,true,true,true,true,true,false,false
/blog/how-businesses-can-reduce-electronics-waste/,true,true,true,true,true,false,false
/blog/how-businesses-should-prepare-old-pcs-for-pickup/,true,true,true,true,true,false,false
/blog/how-cable-condition-affects-quote/,true,true,true,true,true,false,false
/blog/how-condition-affects-quote/,true,true,true,true,true,false,false
/blog/how-demand-affects-resale-value/,true,true,true,true,true,false,false
/blog/how-destroy-hard-disk-data/,true,true,true,true,true,false,false
/blog/how-device-age-affects-electronics-value/,true,true,true,true,true,false,false
/blog/how-ewaste-recycling-works/,true,true,true,true,true,true,false
/blog/how-ewaste-scrap-quotes-work-kochi/,true,true,true,true,true,true,false
/blog/how-households-can-reduce-e-waste/,true,true,true,true,true,false,false
/blog/how-location-affects-pickup-scheduling/,true,true,true,true,true,false,false
/blog/how-location-affects-quote/,true,true,true,true,true,false,false
/blog/how-offices-can-avoid-e-waste-buildup/,true,true,true,true,true,false,false
/blog/how-offices-should-sort-it-accessories/,true,true,true,true,true,false,false
/blog/how-pickup-scheduling-works/,true,true,true,true,true,false,false
/blog/how-quantity-affects-cable-pickup/,true,true,true,true,true,false,false
/blog/how-quantity-affects-quote/,true,true,true,true,true,false,false
/blog/how-responsible-ewaste-collection-works/,true,true,true,true,true,true,false
/blog/how-reuse-extends-device-life/,true,true,true,true,true,false,false
/blog/how-reuse-reduces-e-waste/,true,true,true,true,true,false,false
/blog/how-to-announce-an-e-waste-collection-drive/,true,true,true,true,true,false,false
/blog/how-to-avoid-pickup-delays/,true,true,true,true,true,false,false
/blog/how-to-avoid-unsafe-informal-scrap-handling/,true,true,true,true,true,false,false
/blog/how-to-book-ewaste-pickup-kochi/,true,true,true,true,true,true,false
/blog/how-to-check-whether-your-kochi-area-is-serviceable/,true,true,true,true,true,false,false
/blog/how-to-choose-itad-provider/,true,true,true,true,true,false,false
/blog/how-to-compare-resale-and-recycling-options/,true,true,true,true,true,false,false
/blog/how-to-dispose-of-old-home-electronics/,true,true,true,true,true,false,false
/blog/how-to-e-waste-collection-in-kochi/,true,true,true,true,true,false,false
/blog/how-to-get-a-condition-based-quote/,true,true,true,true,true,false,false
/blog/how-to-handle-leaking-batteries-safely/,true,true,true,true,true,false,false
/blog/how-to-identify-damaged-batteries/,true,true,true,true,true,false,false
/blog/how-to-identify-inverter-battery-risk/,true,true,true,true,true,false,false
/blog/how-to-label-office-it-assets/,true,true,true,true,true,false,false
/blog/how-to-list-data-bearing-assets/,true,true,true,true,true,false,false
/blog/how-to-list-items-for-faster-pickup-confirmation/,true,true,true,true,true,false,false
/blog/how-to-list-security-devices-for-pickup/,true,true,true,true,true,false,false
/blog/how-to-move-large-electronics-safely/,true,true,true,true,true,false,false
/blog/how-to-organize-an-e-waste-collection-day/,true,true,true,true,true,false,false
/blog/how-to-pack-electronics-before-pickup/,true,true,true,true,true,false,false
/blog/how-to-pack-small-electronics-for-collection/,true,true,true,true,true,false,false
/blog/how-to-prepare-a-broken-tv-for-pickup/,true,true,true,true,true,false,false
/blog/how-to-prepare-an-it-store-room-cleanout/,true,true,true,true,true,false,false
/blog/how-to-prepare-cctv-devices-for-pickup/,true,true,true,true,true,false,false
/blog/how-to-prepare-electronics-for-recycling/,true,true,true,true,true,true,false
/blog/how-to-prepare-laptops-for-sale-or-recycling/,true,true,true,true,true,false,false
/blog/how-to-prepare-mixed-electronics/,true,true,true,true,true,false,false
/blog/how-to-prepare-old-tvs-for-pickup/,true,true,true,true,true,false,false
/blog/how-to-prepare-phones-for-resale-or-recycling/,true,true,true,true,true,false,false
/blog/how-to-prepare-printers-before-pickup/,true,true,true,true,true,false,false
/blog/how-to-prepare-servers-for-itad/,true,true,true,true,true,false,false
/blog/how-to-prepare-your-device-for-sale-or-recycling/,true,true,true,true,true,false,false
/blog/how-to-prepare-your-e-waste-for-pickup/,true,true,true,true,true,false,false
/blog/how-to-read-an-e-waste-collection-document/,true,true,true,true,true,false,false
/blog/how-to-reduce-e-waste-at-home-kochi/,true,true,true,true,true,false,false
/blog/how-to-remove-data-before-recycling-a-phone/,true,true,true,true,true,false,false
/blog/how-to-remove-personal-data-before-recycling-a-computer/,true,true,true,true,true,false,false
/blog/how-to-request-a-scrap-estimate/,true,true,true,true,true,false,false
/blog/how-to-sell-old-electronics-kochi/,true,true,true,true,true,true,false
/blog/how-to-sell-old-mobile-phones-safely/,true,true,true,true,true,false,false
/blog/how-to-separate-batteries-from-electronics/,true,true,true,true,true,false,false
/blog/how-to-separate-batteries-from-mixed-e-waste/,true,true,true,true,true,false,false
/blog/how-to-separate-cables-from-devices/,true,true,true,true,true,false,false
/blog/how-to-separate-data-bearing-devices/,true,true,true,true,true,false,false
/blog/how-to-share-accurate-location/,true,true,true,true,true,false,false
/blog/how-to-share-item-list-before-community-pickup/,true,true,true,true,true,false,false
/blog/how-to-share-photos-for-faster-pickup-confirmation/,true,true,true,true,true,false,false
/blog/how-to-sort-batteries-in-community-pickup/,true,true,true,true,true,false,false
/blog/how-to-sort-electronics-before-pickup/,true,true,true,true,true,false,false
/blog/how-to-sort-server-room-e-waste/,true,true,true,true,true,false,false
/blog/how-to-store-swollen-batteries/,true,true,true,true,true,false,false
/blog/how-to-store-used-batteries-before-collection/,true,true,true,true,true,false,false
/blog/how-to-store-used-inverter-batteries/,true,true,true,true,true,false,false
/blog/how-working-condition-changes-quote/,true,true,true,true,true,false,false
/blog/identify-recyclable-electronics-at-home/,true,true,true,true,true,false,false
/blog/ink-toner-and-printer-waste/,true,true,true,true,true,false,false
/blog/inverter-battery-disposal-kochi/,true,true,true,true,true,false,false
/blog/inverter-battery-pickup-checklist/,true,true,true,true,true,false,false
/blog/inverter-battery-safety-checklist/,true,true,true,true,true,false,false
/blog/inverter-disposal-guide-for-kochi-users/,true,true,true,true,true,false,false
/blog/inverter-scrap-quote-factors/,true,true,true,true,true,false,false
/blog/inverter-wiring-and-cable-disposal/,true,true,true,true,true,false,false
/blog/it-asset-disposal-kochi/,true,true,true,true,true,false,false
/blog/it-asset-inventory-before-collection/,true,true,true,true,true,false,false
/blog/it-scrap-handling-for-small-offices/,true,true,true,true,true,false,false
/blog/it-team-recycling-checklist/,true,true,true,true,true,false,false
/blog/itad/,true,true,true,true,true,true,false
/blog/itad/enterprise/affordable-itad-enterprise-tripunithura-115/,true,true,true,true,true,false,false
/blog/itad/enterprise/best-itad-enterprise-panampilly-nagar-188/,true,true,true,true,true,false,false
/blog/itad/enterprise/government-approved-itad-enterprise-cheranallur-24/,true,true,true,true,true,false,false
/blog/itad/enterprise/government-approved-itad-enterprise-trivandrum-94/,true,true,true,true,true,false,false
/blog/itad/enterprise/iso-certified-itad-enterprise-calicut-113/,true,true,true,true,true,false,false
/blog/itad/enterprise/professional-itad-enterprise-thevara-3/,true,true,true,true,true,false,false
/blog/itad/enterprise/safe-itad-enterprise-calicut-88/,true,true,true,true,true,false,false
/blog/itad/enterprise/top-itad-enterprise-mg-road-11/,true,true,true,true,true,false,false
/blog/itad/enterprise/verified-itad-enterprise-infopark-151/,true,true,true,true,true,false,false
/blog/itad/enterprise/verified-itad-enterprise-trivandrum-165/,true,true,true,true,true,false,false
/blog/kerala-e-waste-awareness-guide/,true,true,true,true,true,false,false
/blog/keyboard-and-cable-recycling/,true,true,true,true,true,false,false
/blog/keyboard-and-mouse-recycling/,true,true,true,true,true,false,false
/blog/keyboard-mouse-and-cable-recycling/,true,true,true,true,true,false,false
/blog/kochi-community-e-waste-drive-guide/,true,true,true,true,true,false,false
/blog/kochi-ewaste-pickup-area-check/,true,true,true,true,true,false,false
/blog/kochi-ewaste-pickup-busy-users/,true,true,true,true,true,false,false
/blog/kochi-location-pickup-faq/,true,true,true,true,true,false,false
/blog/kochi-metro-e-waste-pickup-areas/,true,true,true,true,true,false,false
/blog/kspcb-regulations-for-e-waste-collection-in-kalamassery-kalamassery/,true,true,true,true,true,false,false
/blog/laptop-battery-recycling/,true,true,true,true,true,false,false
/blog/laptop-battery-swelling-warning-signs/,true,true,true,true,true,false,false
/blog/laptop-computer-recycling/,true,true,true,true,true,true,false
/blog/laptop-data-wipe-checklist/,true,true,true,true,true,false,false
/blog/laptop-pickup-guide-for-kochi/,true,true,true,true,true,false,false
/blog/laptop-recycling-faq-for-kochi-users/,true,true,true,true,true,false,false
/blog/laptop-recycling-kochi/,true,true,true,true,true,true,false
/blog/laptop-scrap-price-kochi-2026/,true,true,true,true,true,false,false
/blog/laptop-scrap-price-kochi/,true,true,true,true,true,false,false
/blog/laptop-scrap-value-factors/,true,true,true,true,true,false,false
/blog/laptop-vs-desktop-scrap-value-kochi/,true,true,true,true,true,false,false
/blog/large-electronics-pickup/,true,true,true,true,true,false,false
/blog/lcd-monitor-disposal-guide/,true,true,true,true,true,false,false
/blog/led-tv-recycling-guide/,true,true,true,true,true,false,false
/blog/legal-requirements-for-it-asset-disposition-in-ernakulam-ernakulam/,true,true,true,true,true,false,false
/blog/lithium-backup-battery-disposal/,true,true,true,true,true,false,false
/blog/lithium-battery-disposal/,true,true,true,true,true,false,false
/blog/lithium-battery-fire-risk/,true,true,true,true,true,false,false
/blog/local-e-waste-pickup-guide-for-first-time-users/,true,true,true,true,true,false,false
/blog/local-electronics-recycling-options-in-kochi/,true,true,true,true,true,false,false
/blog/local-office-pickup-guide/,true,true,true,true,true,false,false
/blog/location-details-for-ewaste-pickup/,true,true,true,true,true,false,false
/blog/market-linked-cable-quote-guide/,true,true,true,true,true,false,false
/blog/market-linked-electronics-quotes/,true,true,true,true,true,false,false
/blog/mistakes-before-ewaste-pickup/,true,true,true,true,true,false,false
/blog/mistakes-in-server-disposal/,true,true,true,true,true,false,false
/blog/mistakes-when-selling-electronics-scrap/,true,true,true,true,true,false,false
/blog/mixed-appliance-pickup/,true,true,true,true,true,false,false
/blog/mixed-cable-pickup-checklist/,true,true,true,true,true,false,false
/blog/mixed-peripheral-recycling-for-businesses/,true,true,true,true,true,false,false
/blog/mobile-accessories-cleanout-guide/,true,true,true,true,true,false,false
/blog/mobile-battery-disposal/,true,true,true,true,true,false,false
/blog/mobile-battery-safety/,true,true,true,true,true,false,false
/blog/mobile-phone-quote-factors/,true,true,true,true,true,false,false
/blog/mobile-phone-recycling-kochi/,true,true,true,true,true,false,false
/blog/mobile-phone-recycling/,true,true,true,true,true,true,false
/blog/mobile-recycling-mistakes-to-avoid/,true,true,true,true,true,false,false
/blog/mobile-scrap-price-kochi/,true,true,true,true,true,false,false
/blog/monitor-and-tv-quote-factors/,true,true,true,true,true,false,false
/blog/monitor-disposal-guide/,true,true,true,true,true,false,false
/blog/monitor-recycling/,true,true,true,true,true,false,false
/blog/network-cable-recycling/,true,true,true,true,true,false,false
/blog/network-camera-disposal/,true,true,true,true,true,false,false
/blog/network-device-recycling-for-offices/,true,true,true,true,true,false,false
/blog/network-equipment-disposal-guide/,true,true,true,true,true,false,false
/blog/network-equipment-pickup/,true,true,true,true,true,false,false
/blog/network-rack-cleanup-checklist/,true,true,true,true,true,false,false
/blog/nist-800-88-data-wiping/,true,true,true,true,true,false,false
/blog/office-accessory-recycling-guide/,true,true,true,true,true,false,false
/blog/office-cable-cleanup-guide/,true,true,true,true,true,false,false
/blog/office-computer-recycling-kerala/,true,true,true,true,true,false,false
/blog/office-computer-scrap-pickup-checklist/,true,true,true,true,true,false,false
/blog/office-e-waste-disposal/,true,true,true,true,true,false,false
/blog/office-e-waste-preparation-checklist/,true,true,true,true,true,false,false
/blog/office-electronics-cleanout-guide-kochi/,true,true,true,true,true,false,false
/blog/office-electronics-disposal-questions/,true,true,true,true,true,false,false
/blog/office-laptop-disposal-guide/,true,true,true,true,true,false,false
/blog/office-monitor-recycling-guide/,true,true,true,true,true,false,false
/blog/office-network-equipment-pickup/,true,true,true,true,true,false,false
/blog/office-park-e-waste-collection-guide/,true,true,true,true,true,false,false
/blog/office-peripheral-pickup-checklist/,true,true,true,true,true,false,false
/blog/office-peripheral-sorting-guide/,true,true,true,true,true,false,false
/blog/office-security-equipment-disposal/,true,true,true,true,true,false,false
/blog/office-ups-room-battery-cleanup/,true,true,true,true,true,false,false
/blog/old-alarm-system-recycling/,true,true,true,true,true,false,false
/blog/old-battery-collection-guide-for-kochi/,true,true,true,true,true,false,false
/blog/old-cctv-system-pickup/,true,true,true,true,true,false,false
/blog/old-charge-controller-disposal/,true,true,true,true,true,false,false
/blog/old-device-quote-checklist/,true,true,true,true,true,false,false
/blog/old-display-devices-recycling/,true,true,true,true,true,false,false
/blog/old-electronic-buyers-near-me-kochi/,true,true,true,true,true,false,false
/blog/old-electronics-recycling-first-time-users/,true,true,true,true,true,false,false
/blog/old-extension-cord-disposal/,true,true,true,true,true,false,false
/blog/old-laptop-value-what-buyers-usually-check/,true,true,true,true,true,false,false
/blog/old-mobile-phone-value/,true,true,true,true,true,false,false
/blog/old-monitor-recycling-kochi/,true,true,true,true,true,false,false
/blog/old-printers-and-cartridges/,true,true,true,true,true,false,false
/blog/old-smartwatch-recycling/,true,true,true,true,true,false,false
/blog/old-surveillance-equipment-guide/,true,true,true,true,true,false,false
/blog/old-switch-and-router-recycling/,true,true,true,true,true,false,false
/blog/old-tv-disposal-kochi/,true,true,true,true,true,false,false
/blog/old-wi-fi-router-recycling/,true,true,true,true,true,false,false
/blog/peripheral-recycling-mistakes-to-avoid/,true,true,true,true,true,false,false
/blog/personal-device-recycling-for-families/,true,true,true,true,true,false,false
/blog/photos-for-pickup-confirmation/,true,true,true,true,true,false,false
/blog/photos-that-help-estimate-electronics-value/,true,true,true,true,true,false,false
/blog/pickup-checklist-for-old-laptops-batteries-and-cables/,true,true,true,true,true,false,false
/blog/pickup-feasibility-for-large-communities/,true,true,true,true,true,false,false
/blog/pickup-feasibility-guide-for-kochi-metro-areas/,true,true,true,true,true,false,false
/blog/pickup-for-damaged-electronics/,true,true,true,true,true,false,false
/blog/pickup-on-whatsapp-kochi/,true,true,true,true,true,false,false
/blog/pickup-readiness-checklist-for-kochi-users/,true,true,true,true,true,false,false
/blog/pickup-request-what-to-mention/,true,true,true,true,true,false,false
/blog/pickup-service/,true,true,true,true,true,true,false
/blog/pillars/bulk-e-waste/,true,true,true,true,true,false,false
/blog/power-backup-e-waste-guide/,true,true,true,true,true,false,false
/blog/power-bank-recycling-kochi/,true,true,true,true,true,false,false
/blog/power-cord-disposal-guide/,true,true,true,true,true,false,false
/blog/power-electronics-pickup-feasibility/,true,true,true,true,true,false,false
/blog/power-electronics-recycling/,true,true,true,true,true,false,false
/blog/power-electronics-sorting-checklist/,true,true,true,true,true,false,false
/blog/power-equipment-recycling-for-homes/,true,true,true,true,true,false,false
/blog/power-equipment-recycling-for-offices/,true,true,true,true,true,false,false
/blog/power-supply-unit-recycling/,true,true,true,true,true,false,false
/blog/preparation-safety-guides/,true,true,true,true,true,true,false
/blog/preparing-hard-drives-for-data-destruction/,true,true,true,true,true,false,false
/blog/printer-and-scanner-disposal-checklist/,true,true,true,true,true,false,false
/blog/printer-peripheral-recycling/,true,true,true,true,true,true,false
/blog/printer-pickup-feasibility-in-kochi/,true,true,true,true,true,false,false
/blog/printer-recycling-faq/,true,true,true,true,true,false,false
/blog/printer-recycling-kochi/,true,true,true,true,true,false,false
/blog/printer-recycling-price-guide-for-north-paravur-north-paravur/,true,true,true,true,true,false,false
/blog/printer-recycling-problems-in-north-paravur-solutions-north-paravur/,true,true,true,true,true,false,false
/blog/quantity-and-pickup-feasibility/,true,true,true,true,true,false,false
/blog/quote-checklist-for-old-electronics/,true,true,true,true,true,false,false
/blog/quote-safety-guide-for-kochi-users/,true,true,true,true,true,false,false
/blog/rack-server-pickup-checklist/,true,true,true,true,true,false,false
/blog/recycle-electronics-without-losing-data/,true,true,true,true,true,false,false
/blog/recycling-basics/,true,true,true,true,true,true,false
/blog/recycling-broken-laptops/,true,true,true,true,true,false,false
/blog/recycling-electronics-helps-kerala/,true,true,true,true,true,false,false
/blog/recycling-old-accessories-and-chargers/,true,true,true,true,true,false,false
/blog/recycling-old-computer-parts/,true,true,true,true,true,false,false
/blog/recycling-old-ups-accessories/,true,true,true,true,true,false,false
/blog/recycling/enterprise/best-recycling-enterprise-kakkanad-9/,true,true,true,true,true,false,false
/blog/recycling/enterprise/fast-recycling-enterprise-mg-road-6/,true,true,true,true,true,false,false
/blog/recycling/enterprise/trusted-recycling-enterprise-kaloor-8/,true,true,true,true,true,false,false
/blog/reducing-e-waste-at-home/,true,true,true,true,true,false,false
/blog/repair-resale-or-recycling/,true,true,true,true,true,false,false
/blog/repair-reuse-and-recycling/,true,true,true,true,true,false,false
/blog/resource-recovery-from-old-electronics/,true,true,true,true,true,false,false
/blog/responsible-recycling-for-business-electronics/,true,true,true,true,true,false,false
/blog/reuse-resale-or-recycling-old-electronics/,true,true,true,true,true,false,false
/blog/reuse-vs-recycling-for-old-mobile-phones/,true,true,true,true,true,false,false
/blog/router-and-network-device-recycling/,true,true,true,true,true,false,false
/blog/router-disposal-and-data-safety/,true,true,true,true,true,false,false
/blog/router-modem-recycling-kochi/,true,true,true,true,true,false,false
/blog/safe-disposal-of-data-storing-security-devices/,true,true,true,true,true,false,false
/blog/safe-disposal-of-gadgets-with-batteries/,true,true,true,true,true,false,false
/blog/safe-e-waste-disposal-around-ernakulam/,true,true,true,true,true,false,false
/blog/safe-electronics-pickup-around-kochi/,true,true,true,true,true,false,false
/blog/safe-local-pickup-guide-for-homes/,true,true,true,true,true,false,false
/blog/safe-pickup-for-heavy-batteries/,true,true,true,true,true,false,false
/blog/safe-printer-disposal-guide/,true,true,true,true,true,false,false
/blog/safe-quote-terms-to-understand/,true,true,true,true,true,false,false
/blog/safe-selling-guide-for-old-electronics/,true,true,true,true,true,false,false
/blog/safe-storage-before-collection-day/,true,true,true,true,true,false,false
/blog/safe-storage-of-old-wires/,true,true,true,true,true,false,false
/blog/safe-storage-tips-before-e-waste-collection/,true,true,true,true,true,false,false
/blog/safe-storage-tips-for-old-ups-batteries/,true,true,true,true,true,false,false
/blog/safe-tv-disposal-for-first-time-users/,true,true,true,true,true,false,false
/blog/safer-recycling-habits-for-families/,true,true,true,true,true,false,false
/blog/safety-guide-for-heavy-electronics/,true,true,true,true,true,false,false
/blog/safety-mistakes-to-avoid-with-old-electronics/,true,true,true,true,true,false,false
/blog/same-day-ewaste-pickup-kochi/,true,true,true,true,true,false,false
/blog/scanner-and-copier-disposal/,true,true,true,true,true,false,false
/blog/school-e-waste-awareness-collection-guide/,true,true,true,true,true,false,false
/blog/school-ewaste-drive-checklist/,true,true,true,true,true,false,false
/blog/scrap-price-guide/,true,true,true,true,true,true,false
/blog/scrap-price-vs-resale-value/,true,true,true,true,true,false,false
/blog/scrap-quote-checklist-for-offices/,true,true,true,true,true,false,false
/blog/scrap-quote-questions-for-first-time-users/,true,true,true,true,true,false,false
/blog/secure-data-destruction-kochi/,true,true,true,true,true,false,false
/blog/secure-disposal-checklist-for-it-teams/,true,true,true,true,true,false,false
/blog/secure-server-disposal-checklist/,true,true,true,true,true,false,false
/blog/security-camera-recycling/,true,true,true,true,true,false,false
/blog/security-e-waste-mistakes/,true,true,true,true,true,false,false
/blog/security-equipment-itad-guide/,true,true,true,true,true,false,false
/blog/security-router-disposal/,true,true,true,true,true,false,false
/blog/sell-electronics-safely-without-losing-personal-data/,true,true,true,true,true,false,false
/blog/sell-electronics/,true,true,true,true,true,true,false
/blog/sell-old-electronics-kochi/,true,true,true,true,true,true,false
/blog/sell-old-it-assets-from-offices/,true,true,true,true,true,false,false
/blog/sell-old-laptop-kochi/,true,true,true,true,true,true,false
/blog/selling-old-office-computers/,true,true,true,true,true,false,false
/blog/server-data-safety-before-disposal/,true,true,true,true,true,false,false
/blog/server-hard-drive-handling/,true,true,true,true,true,false,false
/blog/server-hardware-value-factors/,true,true,true,true,true,false,false
/blog/server-itad-faq/,true,true,true,true,true,false,false
/blog/server-pickup-documentation-basics/,true,true,true,true,true,false,false
/blog/server-recycling-for-small-businesses/,true,true,true,true,true,false,false
/blog/server-recycling-guide-for-kochi-it-teams/,true,true,true,true,true,false,false
/blog/server-recycling-kochi-guide/,true,true,true,true,true,false,false
/blog/server-recycling-vs-resale/,true,true,true,true,true,false,false
/blog/server-room-cleanout-guide/,true,true,true,true,true,false,false
/blog/server-scrap-price-kochi/,true,true,true,true,true,false,false
/blog/server-scrap-value-india/,true,true,true,true,true,false,false
/blog/server-ups-and-network-equipment-disposal/,true,true,true,true,true,false,false
/blog/service-area-questions-for-ewaste-kochi/,true,true,true,true,true,false,false
/blog/service-phone-buyback/,true,true,true,true,true,false,false
/blog/small-device-recycling-guide/,true,true,true,true,true,false,false
/blog/small-gadget-recycling/,true,true,true,true,true,false,false
/blog/small-office-it-scrap-pickup/,true,true,true,true,true,false,false
/blog/smart-device-recycling-kochi/,true,true,true,true,true,false,false
/blog/smart-doorbell-recycling/,true,true,true,true,true,false,false
/blog/smart-home-hub-recycling-kochi/,true,true,true,true,true,false,false
/blog/solar-accessories-recycling/,true,true,true,true,true,false,false
/blog/solar-and-inverter-recycling-faq/,true,true,true,true,true,false,false
/blog/solar-equipment-recycling-guide/,true,true,true,true,true,false,false
/blog/solar-inverter-recycling-basics/,true,true,true,true,true,false,false
/blog/solar-panel-disposal-questions/,true,true,true,true,true,false,false
/blog/solar-panel-recycling-kochi/,true,true,true,true,true,false,false
/blog/sorting-cables-before-pickup/,true,true,true,true,true,false,false
/blog/ssd-vs-hdd-data-destruction/,true,true,true,true,true,false,false
/blog/storage-array-disposal-guide/,true,true,true,true,true,false,false
/blog/swollen-battery-disposal/,true,true,true,true,true,false,false
/blog/tablet-disposal-for-students/,true,true,true,true,true,false,false
/blog/tablet-recycling-guide/,true,true,true,true,true,false,false
/blog/topic-business/,true,true,true,true,true,false,false
/blog/troubleshooting-server-recycling-in-kalamassery-kalamassery/,true,true,true,true,true,false,false
/blog/tv-and-monitor-recycling-checklist/,true,true,true,true,true,false,false
/blog/tv-cable-and-av-wire-disposal/,true,true,true,true,true,false,false
/blog/tv-monitor-recycling/,true,true,true,true,true,true,false
/blog/tv-recycling-kochi/,true,true,true,true,true,false,false
/blog/tv-recycling-near-me/,true,true,true,true,true,false,false
/blog/ultimate-guide-e-waste-recycling-kochi/,true,true,true,true,true,true,false
/blog/ups-and-server-room-battery-pickup/,true,true,true,true,true,false,false
/blog/ups-battery-quote-factors/,true,true,true,true,true,false,false
/blog/ups-battery-recycling-kochi/,true,true,true,true,true,false,false
/blog/usb-cable-recycling/,true,true,true,true,true,false,false
/blog/what-affects-old-laptop-value-kochi/,true,true,true,true,true,false,false
/blog/what-areas-need-feasibility-confirmation/,true,true,true,true,true,false,false
/blog/what-details-to-send-on-whatsapp/,true,true,true,true,true,false,false
/blog/what-happens-after-ewaste-collection/,true,true,true,true,true,false,false
/blog/what-happens-to-office-accessories/,true,true,true,true,true,false,false
/blog/what-happens-when-batteries-are-dumped-incorrectly/,true,true,true,true,true,false,false
/blog/what-is-e-waste-recycling/,true,true,true,true,true,false,false
/blog/what-is-epr-in-e-waste/,true,true,true,true,true,true,false
/blog/what-is-ewaste/,true,true,true,true,true,true,false
/blog/what-items-count-as-ewaste-kochi/,true,true,true,true,true,false,false
/blog/what-items-to-accept-in-a-community-drive/,true,true,true,true,true,false,false
/blog/what-makes-an-electronic-item-sellable/,true,true,true,true,true,false,false
/blog/what-makes-laptop-recycling-safe/,true,true,true,true,true,false,false
/blog/what-makes-office-it-scrap-valuable/,true,true,true,true,true,false,false
/blog/what-not-to-do-before-recycling-electronics/,true,true,true,true,true,false,false
/blog/what-offices-should-separate-before-pickup/,true,true,true,true,true,false,false
/blog/what-photos-help-confirm-mobile-quote/,true,true,true,true,true,false,false
/blog/what-photos-should-you-send-before-selling-electronics/,true,true,true,true,true,false,false
/blog/what-photos-to-send-before-e-waste-pickup/,true,true,true,true,true,false,false
/blog/what-photos-to-send-for-battery-pickup/,true,true,true,true,true,false,false
/blog/what-residents-should-bring-for-e-waste-pickup/,true,true,true,true,true,false,false
/blog/what-to-confirm-before-pickup/,true,true,true,true,true,false,false
/blog/what-to-do-before-giving-away-an-old-laptop/,true,true,true,true,true,false,false
/blog/what-to-do-with-dead-phones/,true,true,true,true,true,false,false
/blog/what-to-do-with-old-chargers/,true,true,true,true,true,false,false
/blog/what-to-do-with-unsellable-electronics/,true,true,true,true,true,false,false
/blog/what-to-expect-during-ewaste-pickup/,true,true,true,true,true,false,false
/blog/what-to-include-in-a-computer-scrap-pickup-list/,true,true,true,true,true,false,false
/blog/what-to-remove-before-selling-old-devices/,true,true,true,true,true,false,false
/blog/what-to-remove-before-server-pickup/,true,true,true,true,true,false,false
/blog/what-to-send-before-requesting-local-pickup/,true,true,true,true,true,false,false
/blog/what-to-tell-the-team-before-battery-pickup/,true,true,true,true,true,false,false
/blog/when-recycling-is-better-than-resale/,true,true,true,true,true,false,false
/blog/when-to-sell-a-laptop-and-when-to-recycle-it/,true,true,true,true,true,false,false
/blog/where-sell-ewaste-near-me/,true,true,true,true,true,false,false
/blog/where-to-recycle-batteries-kochi/,true,true,true,true,true,false,false
/blog/where-to-recycle-old-electronics-kochi/,true,true,true,true,true,true,false
/blog/why-batteries-should-not-be-mixed-with-household-waste/,true,true,true,true,true,false,false
/blog/why-companies-destroy-data/,true,true,true,true,true,false,false
/blog/why-damaged-batteries-need-special-care/,true,true,true,true,true,false,false
/blog/why-data-destruction-important-businesses/,true,true,true,true,true,false,false
/blog/why-data-destruction-matters-for-small-businesses/,true,true,true,true,true,false,false
/blog/why-electronics-should-not-go-in-household-waste/,true,true,true,true,true,true,false
/blog/why-electronics-should-not-go-to-landfills/,true,true,true,true,true,false,false
/blog/why-final-price-depends-on-inspection/,true,true,true,true,true,false,false
/blog/why-final-quote-depends-on-inspection/,true,true,true,true,true,false,false
/blog/why-informal-e-waste-disposal-is-risky/,true,true,true,true,true,false,false
/blog/why-informal-recycling-can-be-risky/,true,true,true,true,true,false,false
/blog/why-old-electronics-should-be-sorted/,true,true,true,true,true,false,false
/blog/why-prices-change-over-time/,true,true,true,true,true,false,false
/blog/why-responsible-ewaste-recycling-matters/,true,true,true,true,true,false,false
/blog/why-separating-batteries-matters/,true,true,true,true,true,false,false
/blog/wire-scrap-recycling-guide/,true,true,true,true,true,false,false
/blog/working-status-and-electronics-value/,true,true,true,true,true,false,false
/blog/working-vs-non-working-electronics/,true,true,true,true,true,false,false
/blog/zero-landfill-ewaste-checklist-kochi/,true,true,true,true,true,false,false
/certifications/,true,true,true,true,true,true,false
/computer-scrap-buyers-kochi/,true,true,true,true,true,true,false
/contact/,true,true,true,true,true,true,false
/data-destruction-certificate-sample/,true,true,true,true,true,true,false
/data-destruction/,true,true,true,true,true,true,false
/e-waste-rules-2022-india/,true,true,true,true,true,true,false
/e-waste-scrap-prices-kochi/,true,true,true,true,true,true,false
/e-waste/,true,true,true,true,true,true,false
/faq/,true,true,true,true,true,true,false
/hard-drive-shredding/,true,true,true,true,true,true,false
/itad/,true,true,true,true,true,true,false
/locations/,true,true,true,true,true,true,false
/locations/aluva/,true,true,true,true,true,true,false
/locations/aluva/certificate-of-destruction-kochi/,true,true,true,true,true,false,false
/locations/aluva/dpdp-act-compliance-kochi/,true,true,true,true,true,false,false
/locations/aluva/hard-drive-shredding-kochi/,true,true,true,true,true,false,false
/locations/aluva/mobile-recycling-kochi/,true,true,true,true,true,false,false
/locations/aluva/printer-recycling-kochi/,true,true,true,true,true,false,false
/locations/aluva/sell-electronics/,true,true,true,true,true,false,false
/locations/angamaly/,true,true,true,true,true,false,false
/locations/angamaly/certificate-of-destruction-kochi/,true,true,true,true,true,false,false
/locations/angamaly/corporate-ewaste-kochi/,true,true,true,true,true,false,false
/locations/angamaly/data-destruction-kochi/,true,true,true,true,true,false,false
/locations/angamaly/hard-drive-shredding-kochi/,true,true,true,true,true,false,false
/locations/angamaly/laptop-buyback-kochi/,true,true,true,true,true,false,false
/locations/angamaly/mobile-recycling-kochi/,true,true,true,true,true,false,false
/locations/angamaly/tv-monitor-recycling-kochi/,true,true,true,true,true,false,false
/locations/edappally/,true,true,true,true,true,true,false
/locations/edappally/air-conditioner-recycling-kochi/,true,true,true,true,true,false,false
/locations/edappally/hard-drive-shredding-kochi/,true,true,true,true,true,false,false
/locations/edappally/itad/,true,true,true,true,true,false,false
/locations/edappally/network-equipment-disposal-kochi/,true,true,true,true,true,false,false
/locations/edappally/printer-recycling-kochi/,true,true,true,true,true,false,false
/locations/ernakulam-south/,true,true,true,true,true,true,false
/locations/ewaste-682079/,true,true,true,true,true,false,false
/locations/fort-kochi/,true,true,true,true,true,false,false
/locations/fort-kochi/certificate-of-destruction-kochi/,true,true,true,true,true,false,false
/locations/fort-kochi/laptop-buyback-kochi/,true,true,true,true,true,false,false
/locations/fort-kochi/network-equipment-disposal-kochi/,true,true,true,true,true,false,false
/locations/fort-kochi/printer-recycling-kochi/,true,true,true,true,true,false,false
/locations/fort-kochi/sell-electronics/,true,true,true,true,true,false,false
/locations/fort-kochi/server-recycling-kochi/,true,true,true,true,true,false,false
/locations/infopark-kochi/,true,true,true,true,true,true,false
/locations/infopark-kochi/mobile-recycling-kochi/,true,true,true,true,true,false,false
/locations/infopark-kochi/network-equipment-disposal-kochi/,true,true,true,true,true,false,false
/locations/infopark-kochi/tv-monitor-recycling-kochi/,true,true,true,true,true,false,false
/locations/kadavanthra/,true,true,true,true,true,true,false
/locations/kadavanthra/certificate-of-destruction-kochi/,true,true,true,true,true,false,false
/locations/kadavanthra/network-equipment-disposal-kochi/,true,true,true,true,true,false,false
/locations/kakkanad/,true,true,true,true,true,true,false
/locations/kakkanad/battery-recycling-kochi/,true,true,true,true,true,false,false
/locations/kakkanad/hard-drive-degaussing-kochi/,true,true,true,true,true,false,false
/locations/kalady/,true,true,true,true,true,false,false
/locations/kalady/certificate-of-destruction-kochi/,true,true,true,true,true,false,false
/locations/kalady/dpdp-act-compliance-kochi/,true,true,true,true,true,false,false
/locations/kalady/hard-drive-destruction-kochi/,true,true,true,true,true,false,false
/locations/kalady/it-asset-inventory-audit/,true,true,true,true,true,false,false
/locations/kalady/network-equipment-disposal-kochi/,true,true,true,true,true,false,false
/locations/kalady/old-computer-disposal/,true,true,true,true,true,false,false
/locations/kalamassery/,true,true,true,true,true,true,false
/locations/kalamassery/air-conditioner-recycling-kochi/,true,true,true,true,true,false,false
/locations/kalamassery/dpdp-act-compliance-kochi/,true,true,true,true,true,false,false
/locations/kalamassery/itad-kochi/,true,true,true,true,true,false,false
/locations/kalamassery/network-equipment-disposal-kochi/,true,true,true,true,true,false,false
/locations/kalamassery/printer-recycling-kochi/,true,true,true,true,true,false,false
/locations/kaloor/,true,true,true,true,true,false,false
/locations/kannur/,true,true,true,true,true,true,false
/locations/kannur/corporate-ewaste-kochi/,true,true,true,true,true,false,false
/locations/kannur/data-destruction/,true,true,true,true,true,false,false
/locations/kannur/dpdp-act-compliance-kochi/,true,true,true,true,true,false,false
/locations/kannur/printer-recycling-kochi/,true,true,true,true,true,false,false
/locations/kannur/server-recycling-kochi/,true,true,true,true,true,false,false
/locations/kannur/ups-inverter-recycling-kochi/,true,true,true,true,true,false,false
/locations/kollam/,true,true,true,true,true,true,false
/locations/kollam/data-destruction-kochi/,true,true,true,true,true,false,false
/locations/kollam/dpdp-act-compliance-kochi/,true,true,true,true,true,false,false
/locations/kollam/itad-kochi/,true,true,true,true,true,false,false
/locations/kollam/laptop-buyback-kochi/,true,true,true,true,true,false,false
/locations/kollam/sell-electronics/,true,true,true,true,true,false,false
/locations/kollam/ups-inverter-recycling-kochi/,true,true,true,true,true,false,false
/locations/kothamangalam/,true,true,true,true,true,false,false
/locations/kothamangalam/dpdp-act-compliance-kochi/,true,true,true,true,true,false,false
/locations/kothamangalam/hard-drive-shredding-kochi/,true,true,true,true,true,false,false
/locations/kothamangalam/laptop-buyback-kochi/,true,true,true,true,true,false,false
/locations/kothamangalam/network-equipment-disposal-kochi/,true,true,true,true,true,false,false
/locations/kothamangalam/printer-recycling-kochi/,true,true,true,true,true,false,false
/locations/kottayam/,true,true,true,true,true,true,false
/locations/kottayam/air-conditioner-recycling-kochi/,true,true,true,true,true,false,false
/locations/kottayam/certificate-of-destruction-kochi/,true,true,true,true,true,false,false
/locations/kottayam/corporate-ewaste-kochi/,true,true,true,true,true,false,false
/locations/kottayam/dpdp-act-compliance-kochi/,true,true,true,true,true,false,false
/locations/kottayam/itad/,true,true,true,true,true,false,false
/locations/kottayam/network-equipment-disposal-kochi/,true,true,true,true,true,false,false
/locations/kottayam/printer-recycling-kochi/,true,true,true,true,true,false,false
/locations/kottayam/server-recycling-kochi/,true,true,true,true,true,false,false
/locations/kottayam/ups-inverter-recycling-kochi/,true,true,true,true,true,false,false
/locations/kozhikode/,true,true,true,true,true,true,false
/locations/kozhikode/air-conditioner-recycling-kochi/,true,true,true,true,true,false,false
/locations/kozhikode/certificate-of-destruction-kochi/,true,true,true,true,true,false,false
/locations/kozhikode/itad/,true,true,true,true,true,false,false
/locations/kozhikode/network-equipment-disposal-kochi/,true,true,true,true,true,false,false
/locations/kozhikode/secure-computer-recycling/,true,true,true,true,true,false,false
/locations/kozhikode/secure-laptop-disposal/,true,true,true,true,true,false,false
/locations/kozhikode/ups-inverter-recycling-kochi/,true,true,true,true,true,false,false
/locations/malappuram/,true,true,true,true,true,true,false
/locations/malappuram/air-conditioner-recycling-kochi/,true,true,true,true,true,false,false
/locations/malappuram/corporate-ewaste-kochi/,true,true,true,true,true,false,false
/locations/malappuram/free-ewaste-pickup-kochi/,true,true,true,true,true,false,false
/locations/malappuram/printer-recycling-kochi/,true,true,true,true,true,false,false
/locations/malappuram/ups-inverter-recycling-kochi/,true,true,true,true,true,false,false
/locations/maradu/,true,true,true,true,true,false,false
/locations/maradu/air-conditioner-recycling-kochi/,true,true,true,true,true,false,false
/locations/maradu/battery-recycling-kochi/,true,true,true,true,true,false,false
/locations/maradu/certificate-of-destruction-kochi/,true,true,true,true,true,false,false
/locations/maradu/dpdp-act-compliance-kochi/,true,true,true,true,true,false,false
/locations/maradu/network-equipment-disposal-kochi/,true,true,true,true,true,false,false
/locations/muvattupuzha/,true,true,true,true,true,false,false
/locations/muvattupuzha/air-conditioner-recycling-kochi/,true,true,true,true,true,false,false
/locations/muvattupuzha/dpdp-act-compliance-kochi/,true,true,true,true,true,false,false
/locations/muvattupuzha/itad-kochi/,true,true,true,true,true,false,false
/locations/muvattupuzha/network-equipment-disposal-kochi/,true,true,true,true,true,false,false
/locations/muvattupuzha/printer-recycling-kochi/,true,true,true,true,true,false,false
/locations/muvattupuzha/secure-laptop-disposal/,true,true,true,true,true,false,false
/locations/muvattupuzha/tv-monitor-recycling-kochi/,true,true,true,true,true,false,false
/locations/north-paravur/,true,true,true,true,true,false,false
/locations/north-paravur/certificate-of-destruction-kochi/,true,true,true,true,true,false,false
/locations/north-paravur/corporate-ewaste-kochi/,true,true,true,true,true,false,false
/locations/north-paravur/data-destruction-kochi/,true,true,true,true,true,false,false
/locations/north-paravur/itad-kochi/,true,true,true,true,true,false,false
/locations/north-paravur/printer-recycling-kochi/,true,true,true,true,true,false,false
/locations/palakkad/,true,true,true,true,true,true,false
/locations/palakkad/air-conditioner-recycling-kochi/,true,true,true,true,true,false,false
/locations/palakkad/certificate-of-destruction-kochi/,true,true,true,true,true,false,false
/locations/palakkad/corporate-ewaste-kochi/,true,true,true,true,true,false,false
/locations/palakkad/data-destruction-kochi/,true,true,true,true,true,false,false
/locations/palakkad/hard-drive-shredding-kochi/,true,true,true,true,true,false,false
/locations/palakkad/it-asset-inventory-audit/,true,true,true,true,true,false,false
/locations/palakkad/secure-computer-recycling/,true,true,true,true,true,false,false
/locations/palakkad/secure-laptop-disposal/,true,true,true,true,true,false,false
/locations/palakkad/server-recycling-kochi/,true,true,true,true,true,false,false
/locations/palarivattom/,true,true,true,true,true,false,false
/locations/palarivattom/certificate-of-destruction-kochi/,true,true,true,true,true,false,false
/locations/palarivattom/mobile-recycling-kochi/,true,true,true,true,true,false,false
/locations/palarivattom/printer-recycling-kochi/,true,true,true,true,true,false,false
/locations/palarivattom/tv-monitor-recycling-kochi/,true,true,true,true,true,false,false
/locations/perumbavoor/,true,true,true,true,true,false,false
/locations/perumbavoor/air-conditioner-recycling-kochi/,true,true,true,true,true,false,false
/locations/perumbavoor/battery-recycling/,true,true,true,true,true,false,false
/locations/perumbavoor/certificate-of-destruction-kochi/,true,true,true,true,true,false,false
/locations/perumbavoor/data-destruction-kochi/,true,true,true,true,true,false,false
/locations/perumbavoor/dpdp-act-compliance-kochi/,true,true,true,true,true,false,false
/locations/perumbavoor/hard-drive-shredding-kochi/,true,true,true,true,true,false,false
/locations/perumbavoor/mobile-recycling-kochi/,true,true,true,true,true,false,false
/locations/smart-city-kochi/,true,true,true,true,true,false,false
/locations/smart-city-kochi/air-conditioner-recycling-kochi/,true,true,true,true,true,false,false
/locations/smart-city-kochi/corporate-ewaste-kochi/,true,true,true,true,true,false,false
/locations/smart-city-kochi/dpdp-act-compliance-kochi/,true,true,true,true,true,false,false
/locations/smart-city-kochi/itad/,true,true,true,true,true,false,false
/locations/smart-city-kochi/printer-recycling-kochi/,true,true,true,true,true,false,false
/locations/smart-city-kochi/server-recycling-kochi/,true,true,true,true,true,false,false
/locations/smart-city-kochi/ups-inverter-recycling-kochi/,true,true,true,true,true,false,false
/locations/thiruvananthapuram/,true,true,true,true,true,true,false
/locations/thiruvananthapuram/dpdp-act-compliance-kochi/,true,true,true,true,true,false,false
/locations/thiruvananthapuram/network-equipment-disposal-kochi/,true,true,true,true,true,false,false
/locations/thiruvananthapuram/printer-recycling-kochi/,true,true,true,true,true,false,false
/locations/thrikkakara/,true,true,true,true,true,false,false
/locations/thrikkakara/dpdp-act-compliance-kochi/,true,true,true,true,true,false,false
/locations/thrikkakara/itad-kochi/,true,true,true,true,true,false,false
/locations/thrikkakara/network-equipment-disposal-kochi/,true,true,true,true,true,false,false
/locations/thrikkakara/printer-recycling-kochi/,true,true,true,true,true,false,false
/locations/thrikkakara/ups-inverter-recycling-kochi/,true,true,true,true,true,false,false
/locations/thrippunithura/,true,true,true,true,true,false,false
/locations/thrippunithura/certificate-of-destruction-kochi/,true,true,true,true,true,false,false
/locations/thrippunithura/dpdp-act-compliance-kochi/,true,true,true,true,true,false,false
/locations/thrippunithura/laptop-buyback-kochi/,true,true,true,true,true,false,false
/locations/thrippunithura/network-equipment-disposal-kochi/,true,true,true,true,true,false,false
/locations/thrippunithura/printer-recycling-kochi/,true,true,true,true,true,false,false
/locations/thrissur/,true,true,true,true,true,true,false
/locations/thrissur/corporate-ewaste-kochi/,true,true,true,true,true,false,false
/locations/thrissur/data-destruction/,true,true,true,true,true,false,false
/locations/thrissur/dpdp-act-compliance-kochi/,true,true,true,true,true,false,false
/locations/thrissur/network-equipment-disposal-kochi/,true,true,true,true,true,false,false
/locations/vyttila/,true,true,true,true,true,false,false
/locations/vyttila/dpdp-act-compliance-kochi/,true,true,true,true,true,false,false
/locations/vyttila/itad-kochi/,true,true,true,true,true,false,false
/locations/vyttila/mobile-recycling-kochi/,true,true,true,true,true,false,false
/locations/vyttila/network-equipment-disposal-kochi/,true,true,true,true,true,false,false
/locations/willingdon-island/,true,true,true,true,true,false,false
/locations/willingdon-island/air-conditioner-recycling-kochi/,true,true,true,true,true,false,false
/locations/willingdon-island/battery-recycling-kochi/,true,true,true,true,true,false,false
/locations/willingdon-island/corporate-ewaste-kochi/,true,true,true,true,true,false,false
/locations/willingdon-island/data-destruction-kochi/,true,true,true,true,true,false,false
/locations/willingdon-island/hard-drive-shredding-kochi/,true,true,true,true,true,false,false
/locations/willingdon-island/itad-kochi/,true,true,true,true,true,false,false
/locations/willingdon-island/network-equipment-disposal-kochi/,true,true,true,true,true,false,false
/marketplace/,true,true,true,true,true,true,false
/ml/,true,true,true,true,true,true,false
/ml/battery-recycling/,true,true,true,true,true,true,false
/ml/contact/,true,true,true,true,true,true,false
/ml/data-destruction/,true,true,true,true,true,true,false
/ml/pickup/,true,true,true,true,true,true,false
/ml/recycling/,true,true,true,true,true,true,false
/ml/sell-electronics/,true,true,true,true,true,true,false
/ml/services/,true,true,true,true,true,false,false
/pickup/,true,true,true,true,true,true,false
/price-match-policy/,true,true,true,true,true,false,false
/privacy-policy/,true,true,true,true,true,false,false
/privacy/,true,true,true,true,true,true,false
/recycling/,true,true,true,true,true,true,false
/sell-electronics/,true,true,true,true,true,true,false
/server-recycling-kochi/,true,true,true,true,true,true,false
/services/,true,true,true,true,true,true,false
/services/air-conditioner-recycling-kochi/,true,true,true,true,true,false,false
/services/computer-recycling-near-me/,true,true,true,true,true,false,false
/services/electronics-recycling-near-me/,true,true,true,true,true,true,false
/services/hard-drive-degaussing-kochi/,true,true,true,true,true,true,false
/services/it-asset-inventory-audit/,true,true,true,true,true,true,false
/services/itad-for-it-companies/,true,true,true,true,true,true,false
/services/ups-inverter-recycling-kochi/,true,true,true,true,true,false,false
/sitemaps/blog.xml,false,false,true,false,false,true,false
/sitemaps/core.xml,false,false,true,false,false,true,false
/sitemaps/legal.xml,false,false,true,false,false,true,false
/sitemaps/locations.xml,false,false,true,false,false,true,false
/sitemaps/ml.xml,false,false,true,false,false,true,false
/sitemaps/services.xml,false,false,true,false,false,true,false
/terms/,true,true,true,true,true,true,false
/tools/,true,true,true,true,true,true,false
/tools/battery-safety-checker/,true,true,true,true,true,true,false
/tools/data-destruction-cost-estimator/,true,true,true,true,true,true,false
/tools/pickup-eligibility-checker/,true,true,true,true,true,true,false
/tools/scrap-value-calculator/,true,true,true,true,true,true,false
/tools/sell-or-recycle-decision-tool/,true,true,true,true,true,true,false
/trust/,true,true,true,true,true,true,false
/tv-recycling-kochi/,true,true,true,true,true,true,false
